Taxon,nEintraege,nEintraege_neu,RelAnstieg
Abies balsamea,4,,
Abies concolor,101,26,0.8
Abies fraseri,8,,
Abies grandis,339,119,1.42
Abies lasiocarpa,3,,
Abies procera,129,75,1.48
Abies veitchii,5,,
Abutilon theophrasti,505,235,1.56
Acacia dealbata,4,,
Acacia saligna,,,
Acaena novae-zelandiae,1,,
Acanthoscelides obtectus,23,,
Acartia tonsa,2,,
Acer circinatum,4,,
Acer negundo,5930,2709,1.56
Acer opalus subsp. obtusatum,,,
Acer palmatum,132,69,1.35
Acer rufinerve,4,,
Acer saccharinum,1019,592,1.63
Acer saccharum,13,,
Acer tataricum,314,41,0.98
Acer tataricum ginnala,179,25,1.01
Aceria erinea,183,118,1.61
Aceria kuko,1,,
Aceria tristriata,27,,
Acheilognathus asmussii,,,
Acheta domesticus,407,138,0.9
Achillea crithmifolia,44,,
Achnanthes subhudsonis,,,
Achnanthidium rivulare,,,
Acipenser baerii,7,,
Acipenser gueldenstaedtii,8,,
Acipenser stellatus,,,
Acipenser transmontanus,,,
Aconitum x cammarum,,,
Acorus calamus,4479,72,0.56
Acorus gramineus,1,,
Acridotheres cristatellus,2,,
Acridotheres ginginianus,1,,
Acridotheres tristis,,,
Acrochaetium catenulatum,,,
Acrotelsella impudica,,,
Acrotona pseudotenera,4,,
Acrotrichis henrici,2,,
Acrotrichis insularis,32,,
Acrotylus patruelis,,,
Actaea racemosa,2,,
Actinidia arguta,8,,
Actinidia chinensis,36,,
Aculops fuchsiae,,,
Acyrthosiphon caraganae,6,,
Adelges cooleyi,7,,
Adelges nordmannianae,54,,
Adiantum polyphyllum,1,,
Adistemia watsoni,2,,
Aedes albopictus,81,68,2.13
Aedes japonicus,130,112,2.05
Aedes japonicus japonicus,,,
Aegilops cylindrica,25,,
Aegypius monachus,16,,
Aeonium arboreum,2,,
Aeschynomene indica,1,,
Aesculus carnea,409,45,0.44
Aesculus flava,13,,
Aesculus hippocastanum,18369,5262,1.37
Aesculus parviflora,84,12,0.43
Aesculus pavia,31,,
Agapanthus praecox,1,,
Agapornis fischeri,4,,
Agapornis lilianae,,,
Agapornis personatus,1,,
Agapornis roseicollis,7,,
Agaricus bohusii,2,,
Agastache foeniculum,10,,
Ageratina adenophora,4,,
Ageratina altissima,8,,
Ageratina riparia,,,
Ageratum houstonianum,1864,1517,2.01
Aglaothamnion halliae,,,
Agrilus planipennis,,,
Agrostis castellana,24,,
Agrostis scabra,22,,
Ahasverus advena,62,,
Ahasverus excisus,,,
Ailanthus altissima,6613,2412,0.94
Aira elegans,2,,
Aix galericulata,10488,3875,1.15
Aix sponsa,1084,324,0.98
Akebia quinata,46,,
Alcea rosea,2527,1378,1.56
Alchemilla mollis,2472,1239,1.6
Alchemilla tytthantha,,,
Alectoris chukar,1,,
Alectoris graeca,5,,
Aleurotulus nephrolepidis,,,
Alexandrium minutum,,,
Alexandrium pseudogonyaulax,,,
Alexandrium tamarense,,,
Alitta succinea,6,,
Alitta virens,77,12,0.43
Alkekengi officinarum franchetii,105,,
Allium atropurpureum,3,,
Allium cepa,130,26,0.9
Allium fistulosum,19,,
Allium paradoxum,3012,2507,2.1
Allium roseum,4,,
Allium sativum,218,52,0.97
Allium tuberosum,21,,
Allolobophora parva,,,
Allopeas gracile,,,
Allopeas micra,,,
Alnus alnobetula sinuata,1,,
Alnus cordata,19,,
Alnus japonica,4,,
Alnus pubescens,113,,
Alnus rubra,16,,
Alocentron curvirostre,31,,
Aloe arborescens,2,,
Alopochen aegyptiaca,50000,32761,1.56
Alosa sapidissima,,,
Aloysia citriodora,1,,
Alphitobius diaperinus,61,,
Alphitophagus bifasciatus,78,,
Alternanthera philoxeroides,,,
Amadina fasciata,,,
Amaranthus albus,598,31,0.91
Amaranthus blitoides,181,,
Amaranthus blitum emarginatus,11,,
Amaranthus crispus,6,,
Amaranthus cruentus,219,,
Amaranthus deflexus,51,,
Amaranthus emarginatus,81,,
Amaranthus emarginatus emarginatus,33,,
Amaranthus emarginatus pseudogracilis,13,,
Amaranthus graecizans,37,,
Amaranthus hybridus,545,28,0.46
Amaranthus hypochondriacus,184,,
Amaranthus ozanonii,1,,
Amaranthus palmeri,7,,
Amaranthus powellii,1992,35,0.15
Amaranthus powellii bouchonii,172,,
Amaranthus retroflexus,6745,1191,1.27
Amaranthus standleyanus,12,,
Amaranthus viridis,9,,
Amathia gracilis,4,,
Amathia imbricata,1,,
Amaurobius similis,108,41,1.07
Amazona aestiva,4,,
Amazona amazonica,1,,
Amazona farinosa,,,
Amazona ochrocephala,,,
Amazona oratrix,154,50,0.83
Ambigolimax valentianus,125,108,2.07
Ambrosia artemisiifolia,3194,1305,1.48
Ambrosia polystachya,,,
Ambrosia psilostachya,126,16,0.54
Ambrosia trifida,46,,
Ambystoma mexicanum,,,
Ameira divagans,,,
Ameira divagans divagans,,,
Ameiurus melas,6,,
Ameiurus nebulosus,13,,
Amelanchier alnifolia,11,,
Amelanchier humilis,53,,
Amelanchier laevis,25,,
Amelanchier lamarckii,904,144,0.92
Amelanchier stolonifera,,,
Ammi majus,89,,
Ammotragus lervia,,,
Amorpha fruticosa,229,48,0.87
Amphiareus obscuriceps,26,,
Amphibalanus amphitrite,,,
Amphibalanus improvisus,68,,
Amphitomeus attemsi,16,,
Amsinckia menziesii,17,,
Amynthas heterochaetus,,,
Amynthas rodericensis,,,
Amyrsidea phaeostoma,,,
Anagrus atomus,53,0,0
Anaphalis margaritacea,637,353,1.79
Anarsia lineatella,28,,
Anas americana,54,,
Anas bahamensis,87,16,0.54
Anas capensis,7,,
Anas castanea,59,,
Anas cyanoptera,10,,
Anas discors,50,,
Anas erythrorhyncha,2,,
Anas flavirostris,4,,
Anas georgica,,,
Anas hottentota,9,,
Anas poecilorhyncha,27,,
Anas superciliosa,1,,
Anas undulata,43,,
Anas versicolor,5,,
Anchiphiloscia balssi,,,
Anchusa arvensis subsp. arvensis,910,21,0.24
Anchusa azurea,60,,
Anchusa ochroleuca,,,
Ancylostoma duodenale,,,
Androniscus dentiger,41,,
Andropogon virginicus,,,
Anemone apennina,32,,
Anemone blanda,1051,417,1.29
Anethum graveolens,884,56,0.73
Anguilla rostrata,1,,
Anguillicola crassus,,,
Anillus caecus,,,
Anoplolepis gracilipes,,,
Anoplophora chinensis,,,
Anoplophora glabripennis,,,
Anser albifrons,,,
Anser anser,,,
Anser brachyrhynchus,,,
Anser cygnoides,,,
Anser erythropus,,,
Anser fabalis,,,
Anser indicus,,,
Anthemis ruthenica,,,
Antheraea yamamai,,,
Anthoxanthum aristatum,,,
Anthrenocerus australis,,,
Anthrenus flavidus,,,
Anthropoides virgo,,,
Antithamnionella spirographidis,,,
Antithamnionella ternifolia,,,
Aonidia lauri,,,
Apera interrupta,,,
Aphanomyces astaci,,,
Aphelenchoides ritzemabosi,,,
Aphelinus mali,,,
Aphelochaeta marioni,,,
Aphis aurantii,,,
Aphis craccivora,,,
Aphis forbesi,,,
Aphis gossypii,,,
"Aphis gossypii Glover, 1877",,,
Aphis oenotherae,,,
Aphis rosa-suaveolens,,,
Aphis spiraephaga,,,
Aphyllon uniflorum,,,
Apistogramma arua,,,
Aplidium glabrum,,,
Aponogeton distachyos,,,
Aproceros leucopoda,,,
Arabis caucasica,,,
Arabis collina,,,
Arachis hypogaea,,,
Arachnidium lacourti,,,
Araecerus fasciculatus,,,
Aralia chinensis,,,
Aralia elata,,,
Aralia spinosa,,,
Aratinga holochlora,,,
Araucaria araucana,,,
Araujia sericifera,,,
Archachatina marginata,,,
Arcitalitrus sylvaticus,,,
Arctotheca calendula,,,
Aremonia agrimonoides,,,
Aremonia agrimonoides agrimonoides,,,
Argonemertes dendyi,,,
Argulus japonicus,,,
Argyresthia thuiella,,,
Argyresthia trifasciata,,,
Arion lusitanicus,,,
Arion vulgaris,,,
Aristolochia macrophylla,,,
Armadillidium nasatum,,,
Armadillo officinalis,,,
Armoracia rusticana,,,
Arnica chamissonis,,,
Aromia bungii,,,
Aronia melanocarpa,,,
Artemisia abrotanum,,,
Artemisia annua,,,
Artemisia austriaca,,,
Artemisia biennis,,,
Artemisia dracunculus,,,
Artemisia gmelinii,,,
Artemisia ludoviciana,,,
Artemisia pontica,,,
Artemisia siversiana,,,
Artemisia stelleriana,,,
Artemisia verlotiorum,,,
Arthurdendyus triangulates,,,
Arthurdendyus triangulatus,,,
Arum italicum,,,
Asarina procumbens,,,
Ascidiella aspersa,,,
Asclepias syriaca,,,
Ascochyta gossypii,,,
Ascochyta syringae,,,
Ascophyllum nodosum,,,
Ascotremella faginea,,,
Asperogronops inaequalis,,,
Aspidapion validum,,,
Aspidiotus chamaeropsis,,,
Aspidiotus destructor,,,
Aspidiotus myrthi,,,
Aspidiotus nerii,,,
Aspidiotus palmarum,,,
Asplenium foresiense,,,
Asplenium ruta-muraria x trichomanes,,,
Astacus leptodactylus,,,
"Astacus leptodactylus (Eschscholtz, 1823)",,,
Asterionella glacialis,,,
Asterolecanium epidendri,,,
Astilbe rivularis,,,
Astilbe rubra,,,
Astragalus onobrychis,,,
Atelerix albiventris,,,
Athene noctua,,,
Atomaria lewisi,,,
Atriplex australasica,,,
Atriplex micrantha,,,
Atriplex northusana,,,
Atriplex oblongifolia,,,
Atriplex oblongifolia x patula,,,
Atriplex rosea,,,
Atriplex tatarica,,,
Attagenus fasciatus,,,
Attagenus unicolor,,,
Atyaephyra desmarestii,,,
Aucuba japonica,,,
Aulacaspis rosae,,,
Aurelia coerulea,,,
Aureoboletus projectellus,,,
Aurinia petraea,,,
Austrominius modestus,,,
Avena sativa,,,
Avena sativa sativa,,,
Axis axis,,,
Axyris amaranthoides,,,
Aythya americana,,,
Aythya ferina,,,
Azolla filiculoides,,,
Azolla mexicana,,,
Babka gymnotrachelus,,,
Baccharis halimifolia,,,
Badumna longinqua,,,
Baeocrara japonica,,,
Balearica pavonina,,,
Balearica regulorum,,,
Ballerus sapa,,,
Bambara contorta,,,
Bambara fusca,,,
Bambusa vulgaris,,,
Bambusicola thoracicus,,,
Barbarea verna,,,
Barbronia weberi,,,
Baruscapillaria ransomia,,,
Bassia scoparia,,,
Batrachochytrium dendrobatidis,,,
Baylisascaris procyonis,,,
Beaucarnea recurvata,,,
Beckianum beckianum,,,
Beckmannia syzigachne,,,
Begonia grandis,,,
Bellardia viscosa,,,
Belonochilus numenius,,,
Bemisia tabaci,,,
Benthana olfersii,,,
Berberis darwinii,,,
Berberis gagnepainii,,,
Berberis julianae,,,
Berberis microphylla,,,
Berberis thunbergii,,,
Berteroa incana,,,
Betula alleghaniensis,,,
Biddulphia sinensis,,,
Bidens aurea,,,
Bidens connata,,,
Bidens frondosa,,,
Bidens pilosa,,,
Bidens triplinervia,,,
Bifora radians,,,
Bimastos rubidus,,,
Biomphalaria camerunensis,,,
Biomphalaria orbicula,,,
Biomphalaria straminea,,,
Bipalium kewense,,,
Bipolaris maydis,,,
Bisnius parcus,,,
Bison bison,,,
Bistorta amplexicaulis,,,
Blaberus atropos,,,
Blackfordia virginica,,,
Blasticotoma filiceti,,,
Blatta orientalis,,,
Blattella germanica,,,
Blitum virgatum,,,
Boccardia proboscidea,,,
Boccardiella ligerica,,,
Boettgerilla pallens,,,
Bohemiellina flavipennis,,,
Bolbitius coprophilus,,,
Boletinus asiaticus,,,
Boletinus spectabilis,,,
Boletus paluster,,,
Bombina orientalis,,,
Bombina variegata,,,
Bonamia ostreae,,,
Bonnemaisonia hamifera,,,
Bonomiella columbae,,,
Borago officinalis,,,
Borysthenia naticina,,,
Bostrychoplites cornutus,,,
Bostrychoplites zickeli,,,
Botrylloides leachii,,,
Botrylloides schlosseri,,,
Botrylloides violaceus,,,
Botryllus schlosseri,,,
Botryotinia squamosa,,,
Bougainvillea glabra,,,
Bougainvillia macloviana,,,
Bouteloua dactyloides,,,
Brachycaudus prunicola,,,
Brachychaeteuma bradeae,,,
Brachydesmus superus,,,
Brachymyrmex heeri,,,
Brachymyrmex patagonicus,,,
Brachynotus sexdentatus,,,
Brachypodium phoenicoides,,,
Brachystomella aspra,,,
Bradybaena similaris,,,
Bradysia impatiens,,,
Branchiura sowerbyi,,,
Branta canadensis,,,
Branta hutchinsii,,,
Branta leucopsis,,,
Brassica elongata,,,
Brassica elongata integrifolia,,,
Brassica juncea,,,
Brassica napus,,,
Brassica napus napus,,,
Brevitalitrus hortulanus,,,
Bromus carinatus,,,
Bromus catharticus,,,
Bromus diandrus,,,
Bromus japonicus,,,
Bromus japonicus japonicus,,,
Bromus pectinatus,,,
Bromus rigidus,,,
Bromus squarrosus,,,
Brotogeris pyrrhoptera,,,
Broussonetia papyrifera,,,
Bruchus pisorum,,,
Bruchus rufimanus,,,
Brunnera macrophylla,,,
Bryonia cretica subsp. dioica,,,
Bucanetes githagineus,,,
Bucephala albeola,,,
Bucephalus polymorphus,,,
Buddelundiella cataractae,,,
Buddleja alternifolia,,,
Buddleja davidii,,,
Bugula neritina,,,
Bugulina stolonifera,,,
Bunias erucago,,,
Bunias orientalis,,,
"Bursaphelenchus xylophilus (Steiner & Buhrer, 1934) Nickle, 1970",,,
Cabera leptographa,,,
Cabomba caroliniana,,,
Cacatua sulphurea,,,
Cacoecimorpha pronubana,,,
Cacyreus marshalli,,,
Caenoscelis subdeplanata,,,
Cairina moschata,,,
Calceolaria integrifolia,,,
Calendula officinalis,,,
Calepina irregularis,,,
Caligus lacustris,,,
Callinectes sapidus,,,
Callipepla californica,,,
Callistemon citrinus,,,
Callistephus chinensis,,,
Callithamnion tetragonum,,,
Callonetta leucophrys,,,
Callopistria maillardi,,,
Callosciurus erythraeus,,,
Callosciurus finlaysonii,,,
Callosobruchus chinensis,,,
Callosobruchus maculatus,,,
Calocedrus decurrens,,,
Caloptilia azaleella,,,
Calvatia tatrensis,,,
Calycanthus floridus,,,
Calyptospadix cerulea,,,
Calystegia lucana,,,
Calystegia pulchra,,,
Calystegia silvatica,,,
Camarosporidiella elongata,,,
Camassia quamash,,,
Cambarincola mesochoreus,,,
Camellia japonica,,,
Cameraria ohridella,,,
Campanula medium,,,
Campanula poscharskyana,,,
Campanula rhomboidalis,,,
Campsis radicans,,,
Campylaea illyrica,,,
Campylaea planospira,,,
Campylopus introflexus,,,
Campylopus pyriformis,,,
Canna indica,,,
Cannabis sativa,,,
Cannabis sativa sativa,,,
Capartogramma crucicula,,,
Capra hircus,,,
Capra ibex,,,
Caprella mutica,,,
Capreolus capreolus,,,
Capsicum annuum,,,
Caragana arborescens,,,
Carassius auratus,,,
Carausius morosus,,,
Carcinops pumilio,,,
Cardamine corymbosa,,,
Cardinalis cardinalis,,,
Cardiophorus taylori,,,
Cardiospermum grandiflorum,,,
Carduelis carduelis,,,
Carduus nutans leiophyllus,,,
Carex crawfordii,,,
Carex morrowii,,,
Carex vulpinoidea,,,
Carlina acanthifolia,,,
Carpelimus zealandicus,,,
Carpobrotus chilensis,,,
Carpobrotus edulis,,,
Carpophilus dimidiatus,,,
Carpophilus hemipterus,,,
Carpophilus marginellus,,,
Carpophilus quadrisignatus,,,
Carthamus tinctorius,,,
Cartodere bifasciata,,,
Cartodere grouvellei,,,
Cartodere nodifer,,,
Cartodere satelles,,,
Cartodere subfasciata,,,
Carya cordiformis,,,
Carya ovata,,,
Caryedon serratus,,,
Caryoborus chiriquensis,,,
Caspiobdella fadejewi,,,
Castor canadensis,,,
Catalpa bignonioides,,,
Catalpa ovata,,,
Catapodium rigidum,,,
Catapodium rigidum rigidum,,,
Catharanthus roseus,,,
Catharosia pygmaea,,,
Catreus wallichii,,,
Caulophilus latinosus,,,
Cedrus atlantica,,,
Cedrus deodara,,,
Celastrus orbiculatus,,,
Celosia argentea,,,
Celtis occidentalis,,,
Cenchrus americanus,,,
Cenchrus setaceus,,,
Centaurea calcitrapa,,,
Centaurea diffusa,,,
Centaurea nigrescens,,,
Centaurea nigrescens nigrescens,,,
Centaurea nigrescens subsp. vochinensis (W.D.J.Koch) Nyman,,,
Centaurea nigrescens transalpina,,,
Centaurea scabiosa fritschii,,,
Centaurea solstitialis,,,
Centaurea solstitialis solstitialis,,,
Centaurea stoebe subsp. australis (A.Kern.) Greuter,,,
Centaurea trichocephala,,,
Centaurea varnensis,,,
Centranthus ruber,,,
Centranthus ruber ruber,,,
Cephalaria gigantea,,,
Cephalaria transylvanica,,,
Cephalcia alashanica,,,
Cephalotaxus fortunei,,,
Ceramium cimbricum,,,
Ceramium circinatum,,,
Cerastium arvense subsp. arvense x tomentosum,,,
Cerastium tomentosum,,,
Cerataphis lataniae,,,
Ceratina cucurbitina,,,
Ceratitis capitata,,,
Ceratocephala orthoceras,,,
Ceratodon purpureus,,,
Ceratostigma plumbaginoides,,,
Cercidiphyllum japonicum,,,
Cercopagis pengoi,,,
Cercyon castaneipennis,,,
Cercyon laminatus,,,
Cereus pedunculatus,,,
Ceriagrion cerinorubellum,,,
Cerinomyces pallidus,,,
Cernuella cisalpina,,,
Cernuella neglecta,,,
Cervus nippon,,,
Cestrum elegans,,,
Chaenomeles japonica,,,
Chaenomeles speciosa,,,
Chaenostoma cordatum,,,
Chaenotetrastichus semiflavus,,,
Chaetanaphothrips orchidii,,,
Chaetoceros lorenzianus,,,
Chaetoceros peruvianus,,,
Chaitophorus populifolii,,,
Chalcophaps indica,,,
Chalinula loosanoffi,,,
Chamaecyparis lawsoniana,,,
Chamaecyparis pisifera,,,
Chamaecytisus hirsutus,,,
Chamaemelum nobile,,,
Channa argus,,,
Chara connivens,,,
Charpentieria itala,,,
Chasmanthium latifolium,,,
Chattonella marina,,,
Chattonella marina antiqua,,,
Chattonella sp.,,,
Cheiracanthium mildei,,,
Chelicorophium curvispinum,,,
Chelicorophium robustum,,,
Chelicorophium sowinskyi,,,
Chelone obliqua,,,
Chelopistes meleagridis,,,
Chelydra serpentina,,,
Chen caerulescens,,,
Chen canagica,,,
Chen rossii,,,
Chenia leptophylla,,,
Chenonetta jubata,,,
Chenopodiastrum simplex,,,
Chenopodium berlandieri,,,
Chenopodium capitatum,,,
Chenopodium desiccatum,,,
Chenopodium hircinum,,,
Chenopodium lobodontum,,,
Chenopodium rubrum,,,
Chenopodium strictum,,,
Cherax destructor,,,
Cherax quadricarinatus,,,
Cherax tenuimanus,,,
Chiasmia aestimaria,,,
Chilocorus circumdatus,,,
Chilostoma cingulatum,,,
Chilostoma cingulatum baldense,,,
Chimonanthus praecox,,,
Chloephaga picta,,,
Chloris chloris,,,
Chlorophyllum agaricoides,,,
Chlorophytum comosum,,,
Choanotaenia infundibulum,,,
Choneiulus palmatus,,,
Chorda filum,,,
Chromaphis juglandicola,,,
Chrysemys picta,,,
Chrysodeixis chalcites,,,
Chrysodeixis eriosoma,,,
Chrysojasminum odoratissimum,,,
Chrysolophus amherstiae,,,
Chrysolophus pictus,,,
Chrysomphalus aonidum,,,
Chrysomphalus dictyospermi,,,
Chrysomya albiceps,,,
Chrysoperla carnea,,,
Chymomyza amoena,,,
Ciborinia camelliae,,,
Cichorium endivia,,,
Cicurina japonica,,,
Cinara curvipes,,,
Cinnamomum camphora,,,
Cirsium hybridum,,,
Citrullus lanatus,,,
Citrus aurantium,,,
Citrus limon,,,
Citrus reticulata,,,
Citrus trifoliata,,,
Civettictis civetta,,,
Clambus simsoni,,,
Clarkia amoena,,,
Clarkia unguiculata,,,
Clathrus archeri,,,
Clathrus ruber,,,
Claviceps purpurea,,,
Claviceps purpurea var. spartinae,,,
Claviceps spartinae,,,
Claytonia perfoliata,,,
Claytonia perfoliata perfoliata,,,
Claytonia sibirica,,,
Cleidodiscus robustus,,,
Clematis montana,,,
Clematis serratifolia,,,
Clematis tangutica,,,
Clematis viticella,,,
Cleome houtteana,,,
Cleome spinosa,,,
Clepsis peritana,,,
Clerodendrum trichotomum,,,
Clethra alnifolia,,,
Clethra arborea,,,
Clivia nobilis,,,
Clonorchis sinensis,,,
Clytiomya continua,,,
Cnephasia longana,,,
Cnephasia pasiuana,,,
Coccinonectria pachysandricola,,,
Coccus hesperidum,,,
Codium fragile,,,
Codium fragile fragile,,,
Coelostemma fusca,,,
Coenosia attenuata,,,
Coffea arabica,,,
Coleophora laricella,,,
Coleosoma floridanum,,,
Coleotechnites piceaella,,,
Coleus scutellarioides,,,
Colinus virginianus,,,
Colletotrichum dematium,,,
Colletotrichum gloeosporioides,,,
Collomia grandiflora,,,
Colobopyga kewensis,,,
Coloeus monedula,,,
Colombian datura virus,,,
Colpocephalum turbinatum,,,
Colpomenia peregrina,,,
Columba livia,,,
Columba oenas,,,
Columba palumbus,,,
Commelina benghalensis,,,
Compsopogon caeruleus,,,
Compsopogon coeruleus,,,
Congeria leucophaeta leucophaeta,,,
Congeria leucophaeta leucophaeta,,,
Coniophora prasinoides,,,
Conocybe intrusa,,,
Contarinia pseudotsugae,,,
Contarinia quinquenotata,,,
Conuropsis carolinensis,,,
Corambe obscura,,,
Corbicula fluminalis,,,
Corbicula fluminea,,,
Corcyra cephalonica,,,
Cordioniscus stebbingi,,,
Cordylophora caspia,,,
Coregonus clupeaformis,,,
Coregonus maraenoides,,,
Coregonus oxyrinchus,,,
Corella eumyota,,,
Coreopsis grandiflora,,,
Coreopsis lanceolata,,,
Coreopsis tinctoria,,,
Coreopsis verticillata,,,
Corethron pennatum,,,
Coriandrum sativum,,,
Corispermum americanum rydbergii,,,
Corispermum hyssopifolium,,,
Corispermum intermedium,,,
Corispermum marschallii,,,
Corispermum pallasii,,,
Cornu aspersum,,,
Cornus alba,,,
Cornus alba subsp. alba,,,
Cornus canadensis,,,
Cornus sericea,,,
Corophium sextonae,,,
Cortaderia jubata,,,
Cortaderia selloana,,,
Corticaria fenestralis,,,
Corticaria ferruginea,,,
Corticaria fulva,,,
Corticaria pubescens,,,
Corticaria serrata,,,
Corvus albus,,,
Corvus splendens,,,
Corydalis bracteata,,,
Corydalis cheilanthifolia,,,
Corylus maxima,,,
Corythucha ciliata,,,
Coscinodiscus wailesii,,,
Coscoroba coscoroba,,,
Cosmos bipinnatus,,,
Cothurnia anomala,,,
Cotinus coggygria,,,
Cotoneaster acuminatus,,,
Cotoneaster acutifolius,,,
Cotoneaster adpressus,,,
Cotoneaster affinis,,,
Cotoneaster ambiguus,,,
Cotoneaster bullatus,,,
Cotoneaster dammeri,,,
Cotoneaster dielsianus,,,
Cotoneaster divaricatus,,,
Cotoneaster hjelmqvistii,,,
Cotoneaster horizontalis,,,
Cotoneaster microphyllus,,,
Cotoneaster moupinensis,,,
Cotoneaster multiflorus,,,
Cotoneaster nitens,,,
Cotoneaster roseus,,,
Cotoneaster rotundifolius,,,
Cotoneaster salicifolius,,,
Cotoneaster simonsii,,,
Cotoneaster suecicus,,,
Cotoneaster watereri,,,
Cotoneaster zabelii,,,
Cotula coronopifolia,,,
Coturnix coturnix,,,
Crambe cordifolia,,,
Crangonyx pseudogracilis,,,
Craspedacusta sowerbii,,,
Crassostrea angulata,,,
Crassostrea virginica,,,
Crassula helmsii,,,
Crassula ovata,,,
Crassula peduncularis,,,
Crataegus chlorosarca,,,
Crataegus crus-galli,,,
Crataegus intricata,,,
Crataegus pedicellata,,,
Crataegus persimilis,,,
Crataegus submollis,,,
Crataerina melbae,,,
Crematogaster scutellaris,,,
Crenidorsum aroidephagus,,,
Crepidotus cinnabarinus,,,
Crepidula fornicata,,,
Crepis nicaeensis Balb.,,,
Crepis setosa,,,
Crocosmia masoniorum,,,
Crocus flavus,,,
Crocus hybridus,,,
Crocus sativus,,,
Crocus tommasinianus,,,
Cronartium ribicola,,,
Crossopriza lyoni,,,
Cruciata glabra,,,
Cryphonectria parasitica,,,
Cryptamorpha desjardinsi,,,
Cryptococcus fagisuga,,,
Cryptolaemus montrouzieri,,,
Cryptolestes ferrugineus,,,
Cryptolestes pusillus,,,
Cryptolestes spartii,,,
Cryptolestes turcicus,,,
Cryptomeria japonica,,,
Cryptophagus dentatus,,,
Cryptophagus distinguendus,,,
Cryptophagus saginatus,,,
Cryptophilus obliteratus,,,
Cryptopleurum subtile,,,
Cryptops anomalans,,,
Cryptorchestia cavimana,,,
Cryptostroma corticale,,,
Cryptotermes brevis,,,
Ctenarytaina eucalypti,,,
Ctenolepisma calvum,,,
Ctenopharyngodon idella,,,
Cuclotogaster heterographus,,,
Cucumis melo,,,
Cucumis sativus,,,
Cucurbita maxima,,,
Cucurbita pepo,,,
Cucurbita pepo subsp. ovifera,,,
Culaea inconstans,,,
Cumminsiella mirabilissima,,,
Cuphea ignea,,,
Cuphea viscosissima,,,
Cupressatia siskiyou,,,
Cuscuta campestris,,,
Cuscuta gronovii,,,
Cuscuta monogyna,,,
Cuscuta pentagona,,,
Cuscuta scandens,,,
Cuscuta suaveolens,,,
Cyanopica cyanus,,,
Cyathus stercoreus,,,
Cyclachaena xanthiifolia,,,
Cyclamen coum,,,
Cyclamen hederifolium,,,
Cyclopterus lumpus,,,
Cycloptilum antillarum,,,
Cyclorhipidion pelliculosum,,,
Cyclospermum leptophyllum,,,
Cydalima perspectalis,,,
Cygnus atratus,,,
Cygnus buccinator,,,
Cygnus cygnus,,,
Cygnus melancoryphus,,,
Cygnus olor,,,
Cylindrocladium buxicola,,,
Cylindroiulus britannicus,,,
Cylindroiulus parisiorum,,,
Cylindroiulus truncorum,,,
Cylindropuntia imbricata,,,
Cymbalaria muralis,,,
Cymbalaria muralis muralis,,,
Cynaeus angustus,,,
Cynodon dactylon,,,
Cynoglossum amabile,,,
Cynops pyrrhogaster,,,
Cynosurus echinatus,,,
Cyperus congestus,,,
Cyperus dactylotes,,,
Cyperus eragrostis,,,
Cyperus esculentus,,,
Cyperus exaltatus,,,
Cyperus involucratus,,,
Cyperus rigens rigens,,,
Cypretta dubiosa,,,
Cypretta globula,,,
Cypretta turgida,,,
Cypripedium reginae,,,
Cyrtomium fortunei,,,
Cystoderma tricholomoides,,,
Cytisophyllum sessilifolium,,,
Cytisus striatus,,,
Dacnusa sibirica,,,
Dactylispa pallidipennis,,,
Dactylosternum abdominale,,,
Dahlia pinnata,,,
Dahlia x hortensis,,,
Daktulosphaira vitifoliae,,,
Dama dama,,,
Daphnia ambigua,,,
Daphnia parvula,,,
Dasineura gleditchiae,,,
Dasineura oxycoccana,,,
Dasya baillouviana,,,
Dasypus novemcinctus,,,
Dasysiphonia japonica,,,
Datura innoxia,,,
Datura quercifolia,,,
Datura stramonium,,,
Datura wrightii,,,
Delosperma cooperi,,,
Delphinium ajacis,,,
Delphinium grandiflorum,,,
Delphinium hispanicum,,,
Delta unguiculatum,,,
Dendrobaena hortensis,,,
Dendrobaena veneta,,,
Dendrocoelum romanodanubiale,,,
Dendrocygna autumnalis,,,
Dendrocygna bicolor,,,
Dendrocygna viduata,,,
Dennstaedtia punctilobula,,,
Dermestes ater,,,
Dermestes frischi,,,
Dermestes peruvianus,,,
Deroceras klemmi,,,
Deroceras panormitanum,,,
Descolea alba,,,
Descolea antarctica,,,
Descolea maculata,,,
Desmarestia viridis,,,
Desmometopa microps,,,
Detonula pumila,,,
Devaleraea ramentacea,,,
Diabrotica virgifera virgifera,,,
Diadumene cincta,,,
Diadumene lineata,,,
Dianthus barbatus,,,
Dianthus giganteus,,,
Dianthus plumarius,,,
Diaphanosoma chankensis,,,
Diaphanosoma orghidani,,,
Diaporthe oncostoma,,,
Diaspidiotus perniciosus,,,
Diaspis barrancorum,,,
Diaspis bromeliae,,,
Diaspis echinocacti,,,
Dicentra eximia,,,
Dicentra formosa,,,
Dicksonia antarctica,,,
Dicranocentrus silvestrii,,,
Dicranopalpus ramosus,,,
Dictyota dichotoma,,,
Didemnum vexillum,,,
Didymodon umbrosus,,,
Dienerella filum,,,
Digitalis ferruginea,,,
Digitalis lanata,,,
Digitaria radicosa,,,
Dikerogammarus bispinosus,,,
Dikerogammarus haemobaphes,,,
Dikerogammarus villosus,,,
Diospyros kaki,,,
Diplopseustis perieresalis,,,
Diplosoma listerianum,,,
Diplotaxis muralis,,,
Diplotaxis tenuifolia,,,
Diplotaxis viminea,,,
Dipsacus sativus,,,
Dipsacus strigosus,,,
Discula destructiva,,,
Dittrichia graveolens,,,
Ditylenchus destructor,,,
Dolichoplana fieldeni,,,
Doronicum orientale,,,
Dorypteryx domestica,,,
Dorypteryx pallida,,,
Draba nemorosa,,,
Dracocephalum moldavica,,,
Dreissena polymorpha,,,
Dreissena rostriformis,,,
Dreyfusia nordmannianae,,,
Drobacia banatica,,,
Drosophila suzukii,,,
Dryadaula pactolia,,,
Dryocoetes himalayensis,,,
Dryocosmus kuriphilus,,,
Duponchelia fovealis,,,
Dysphania ambrosioides,,,
Dysphania botrys,,,
Dysphania pumilio,,,
Dysphania schraderiana,,,
Echinacea purpurea,,,
Echinochloa frumentacea,,,
Echinochloa muricata,,,
Echinocystis lobata,,,
Echinogammarus berilloni,,,
Echinogammarus ischnus,,,
Echinogammarus trichiatus,,,
Echinops bannaticus,,,
Echinops exaltatus,,,
Echinops ritro,,,
Echinops sphaerocephalus,,,
Echinops sphaerocephalus sphaerocephalus,,,
Echinothrips americanus,,,
Echmepteryx madagascariensis,,,
Eclectus roratus,,,
Ectobius vittiventris,,,
Ectopsocopsis cryptomeriae,,,
Ectopsocus briggsi,,,
Ectopsocus meridionalis,,,
Ectopsocus titschacki,,,
Edwardsiana tshinari,,,
Ehrharta calycina,,,
Eisenia carolinensis,,,
Eisenia fetida,,,
Eisenia japonica,,,
Elaeagnus angustifolia,,,
Elaeagnus commutata,,,
Elaeagnus multiflora,,,
Elaeagnus pungens,,,
Elaeagnus umbellata,,,
Elatobium abietinum,,,
Eleocharis engelmannii,,,
Eleocharis obtusa,,,
Eleusine coracana,,,
Eleusine indica,,,
Eleutherodactylus martinicensis,,,
Elodea callitrichoides,,,
Elodea canadensis,,,
Elodea densa,,,
Elodea nuttallii,,,
Elsholtzia ciliata,,,
Elysia viridis,,,
Emberiza bruniceps,,,
Emberiza cioides,,,
Emberiza elegans,,,
Emberiza tahapisi,,,
Emmericia patula,,,
Emys orbicularis,,,
Encarsia citrina,,,
Encarsia formosa,,,
Encarsia pergandiella,,,
Encarsia perniciosi,,,
Encyonema triangulatum,,,
Encyrtus aurantii,,,
Enderleinellus tamiasis,,,
Endria nebulosa,,,
Ensis directus,,,
Ensis leei,,,
Entamoeba histolytica,,,
Entoleuca mammata,,,
Entyloma calendulae,,,
Entyloma ludwigianum,,,
Eobania vermiculata,,,
Eophona personata,,,
Epauloecus unicolor,,,
Ephestia elutella,,,
Ephestia kuehniella,,,
Epilobium brachycarpum,,,
Epilobium brunnescens,,,
Epilobium ciliatum,,,
Epilobium ciliatum ciliatum,,,
Epilobium ciliatum glandulosum,,,
Epilobium denticulatum,,,
Epimedium alpinum,,,
Epistylis loricata,,,
Epitrimerus pyri,,,
Epuraea ocularis,,,
Equus asinus,,,
Eragrostis cilianensis,,,
Eragrostis curvula,,,
Eragrostis minor,,,
Eragrostis multicaulis,,,
Eragrostis pilosa,,,
Eragrostis tef,,,
Eragrostis trichodes,,,
Eranthis cilicica,,,
Eranthis hyemalis,,,
Erechtites hieraciifolia,,,
Eretmocerus californicus,,,
Ericaphis ericae,,,
Erigeron annuus,,,
Erigeron annuus subsp. septentrionalis,,,
Erigeron bonariensis,,,
Erigeron canadensis,,,
Erigeron philadelphicus,,,
Erigeron speciosus,,,
Erigeron strigosus,,,
Erigeron sumatrensis,,,
Erinaceus europaeus,,,
Eriocapitella tomentosa,,,
Eriocheir sinensis,,,
Eriococcus coccineus,,,
Eriophyllum lanatum,,,
Eriosoma lanigerum,,,
Erwinia amylovora,,,
Eryngium giganteum,,,
Erysiphe arcuata,,,
Erysiphe azaleae,,,
Erysiphe elevata,,,
Erysiphe flexuosa,,,
Erysiphe howeana,,,
Erysiphe hypophylla,,,
Erysiphe macleayae,,,
Erysiphe platani,,,
Erysiphe symphoricarpi,,,
Erysiphe syringae,,,
Erysiphe vanbruntiana var. sambuci-racemosae,,,
Erythranthe guttata,,,
Erythranthe lutea,,,
Erythranthe moschata,,,
Erythrura gouldiae,,,
Eschscholzia californica,,,
Estrilda melpoda,,,
Etiella zinckenella,,,
Euborellia annulipes,,,
Euboriella arcanum,,,
Eucalymnatus tessellatus,,,
Eucalyptus globulus,,,
Euchromius ocellea,,,
Euclidium syriacum,,,
Eumodicogryllus bordigalensis,,,
Eunapius carteri,,,
Euonymus fortunei,,,
Euonymus japonicus,,,
Euphorbia esula subsp. tommasiniana (Bertol.) Kuzmanov,,,
Euphorbia humifusa,,,
Euphorbia hypericifolia,,,
Euphorbia lathyris,,,
Euphorbia maculata,,,
Euphorbia marginata,,,
Euphorbia milii,,,
Euphorbia myrsinites,,,
Euphorbia nutans,,,
Euphorbia prostrata,,,
Euphorbia pseudoesula,,,
Euphorbia salicifolia,,,
Euphorbia serpens,,,
"Euphorbia virgata NoÃ« ex Nyman, 1881",,,
Euphrasia stricta stricta,,,
Euplectes afer,,,
Euplectes franciscanus,,,
Euplectes hordeaceus,,,
Euplectes nigroventris,,,
Euplectus infirmus,,,
Eupteryx salviae,,,
Eurybia divaricata,,,
Eurybia macrophylla,,,
Eurygaster maura,,,
Eurytemora carolleeae,,,
Eurytoma aloineae,,,
Eurytoma orchidearum,,,
Euthamia graminifolia,,,
Eutrochium purpureum,,,
Eutypella parasitica,,,
Evadne anonyx,,,
Evergestis aenealis,,,
Exochorda racemosa,,,
Fagopyrum esculentum,,,
Falco cherrug,,,
Falco sparverius,,,
Falco tinnunculus,,,
Fallopia baldschuanica,,,
Fallopia multiflora,,,
Farfugium japonicum,,,
Fatsia japonica,,,
Faxonius immunis,,,
Faxonius limosus,,,
Faxonius rusticus,,,
Faxonius virilis,,,
Feijoa sellowiana,,,
Fenestrulina delicia,,,
Ferrissia californica,,,
Ferrissia rivularis,,,
Festuca ambigua,,,
Festuca pseudovina,,,
Festuca rubra subsp. commutata,,,
Fibrocapsa japonica,,,
Ficopomatus enigmaticus,,,
Ficus carica,,,
Fiorinia fioriniae,,,
Foeniculum vulgare,,,
"Fontinalis antipyretica (Cardot) Warnstorf, 1916",,,
Fontinalis antipyretica var. rotundifolia,,,
Forsythia intermedia,,,
Forsythia suspensa,,,
Forsythia viridissima,,,
Fragaria ananassa,,,
Fragaria ananassa ananassa,,,
Frankliniella occidentalis,,,
Fraxinus americana,,,
Fraxinus ornus,,,
Fraxinus pennsylvanica,,,
Fregata magnificens,,,
Fritillaria meleagris,,,
Fuchsia magellanica,,,
Fucus distichus,,,
Fucus evanescens,,,
Fucus serratus,,,
Fumaria capreolata,,,
Fumaria muralis,,,
Fumaria muralis muralis,,,
Fumaria officinalis subsp. wirtgenii,,,
Fusarium foetens,,,
Gabronthus thermarum,,,
Gaillardia aristata,,,
Gaillardia grandiflora,,,
Gaillardia pulchella,,,
Galago senegalensis,,,
Galanthus elwesii,,,
Galba cubensis,,,
Galega officinalis,,,
Galendromus occidentalis,,,
Galerina nana,,,
Galinsoga parviflora,,,
Galinsoga quadriradiata,,,
Galium rubioides,,,
Galium verrucosum,,,
Galium verum wirtgenii,,,
Gallus gallus,,,
Gambusia holbrooki,,,
Gammarus roeselii,,,
Gammarus tigrinus,,,
Gammarus varsoviensis,,,
Gamochaeta pensylvanica,,,
Ganoderma resinaceum,,,
Gastrocopta pellucida,,,
Gaudinia fragilis,,,
Gaultheria procumbens,,,
Geastrum corollinum,,,
Geastrum smardae,,,
Genetta genetta,,,
Geopelia cuneata,,,
Geopora sumneriana,,,
Geostiba circellaris,,,
Geranium endressii,,,
Geranium himalayense,,,
Geranium ibericum,,,
Geranium macrorrhizum,,,
Geranium nodosum,,,
Geranium purpureum,,,
Geranium pyrenaicum,,,
Geranium reflexum,,,
Geronticus eremita,,,
Geum coccineum,,,
Gibbium psylloides,,,
Gilia capitata,,,
Gilia tricolor,,,
Gilletteella cooleyi,,,
Ginkgo biloba,,,
Girardia tigrina,,,
Glebionis carinata,,,
Gleditsia triacanthos,,,
Gliricola porcelli,,,
Glischrochilus fasciatus,,,
Glischrochilus quadripunctatus,,,
Glischrochilus quadrisignatus,,,
Globodera pallida,,,
Globodera rostochiensis,,,
Glyceria multiflora,,,
Glyceria striata,,,
Glycine max,,,
Gnathotrichus materiarius,,,
Gnatocerus cornutus,,,
Gobiosoma bosc,,,
Golovinomyces magnicellulatus,,,
Gomphosphenia oahuensis,,,
Goneplax rhomboides,,,
Goniocotes chrysocephalus,,,
Goniocotes gallinae,,,
Goniocotes rectangulatus,,,
Goniocotes reticulatus,,,
Goniodes capitatus,,,
Goniodes colchici,,,
Goniodes dissimilis,,,
Goniodes gigas,,,
Goniodes pavonis,,,
Goniolimon tataricum,,,
Gonionemus vertens,,,
Gossypium arboreum,,,
Gracilaria gracilis,,,
Gracilaria vermiculophylla,,,
Gracillaria syringella,,,
Gracula religiosa,,,
Grandidierella japonica,,,
Graphocephala fennahi,,,
Grapholita molesta,,,
Grindelia squarrosa,,,
Grus antigone,,,
Grus leucogeranus,,,
Gryllodes sigillatus,,,
Grypotes puncticollis,,,
Guizotia abyssinica,,,
Gunnera manicata,,,
Gunnera tinctoria,,,
Gymnaspis aechmeae,,,
Gymnocladus dioicus,,,
Gymnocoronis spilanthoides,,,
Gymnodinium aureolum,,,
Gymnodinium catenatum,,,
Gymnodinium nolleri,,,
Gymnopilus purpuratus,,,
Gymnopus luxurians,,,
Gymnosporangium sabinae,,,
Gyps fulvus,,,
Gypsophila paniculata,,,
Gypsophila perfoliata,,,
Gypsophila scorzonerifolia,,,
Gyraulus chinensis,,,
Gyraulus parvus,,,
Gyrodactylus luciopercae,,,
Gyropus ovalis,,,
Haemodipsus lyriocephalus,,,
Halacarellus hyrcanus,,,
Halerpestes cymbalaria,,,
Halesia carolina,,,
Haliaeetus leucocephalus,,,
Haliclona xena,,,
Haliclystus tenuis,,,
Halictus pollinosus,,,
Halobrecta flavipes,,,
Halurus flosculosus,,,
Halyomorpha halys,,,
Hamamelis mollis,,,
Haminella solitaria,,,
Hanseniella oligomacrochaeta,,,
Hanseniella orientalis,,,
Haplophthalmus danicus,,,
Haplosporidium armoricanum,,,
Harmonia axyridis,,,
Hasarius adansoni,,,
Hauptidia provincialis,,,
Hawaiia minuscula,,,
Hedera hibernica,,,
Hedychium gardnerianum,,,
Helenium autumnale,,,
Helianthus annuus,,,
Helianthus decapetalus,,,
Helianthus giganteus,,,
Helianthus laetiflorus,,,
Helianthus multiflorus,,,
Helianthus pauciflorus,,,
Helianthus pauciflorus pauciflorus,,,
Helianthus salicifolius,,,
Helianthus tuberosus,,,
Helicina funcki,,,
Helicina tamsiana appuni,,,
Helicodiscus parallelus,,,
Helicoverpa armigera,,,
Heliopsis helianthoides,,,
Heliopsis helianthoides scabra,,,
Heliothrips haemorrhoidalis,,,
Heliotropium arborescens,,,
Helisoma anceps,,,
Helleborus orientalis,,,
Helleborus orientalis orientalis,,,
Helminthotheca echioides,,,
Helobdella europaea,,,
Helobdella punctatolineata,,,
Helobdella stagnalis,,,
Hemerocallis citrina,,,
Hemerocallis fulva,,,
Hemerocallis lilioasphodelus,,,
Hemiberlesia lataniae,,,
Hemiberlesia rapax,,,
Hemidactylus turcicus,,,
Hemigrapsus penicillatus,,,
Hemigrapsus sanguineus,,,
Hemigrapsus takanoi,,,
Hemimysis anomala,,,
Heniochus acuminatus,,,
Hepatica transsilvanica,,,
Heracleum mantegazzianum,,,
Heracleum persicum,,,
Heracleum pubescens,,,
Hercinothrips bicinctus,,,
Hercinothrips femoralis,,,
Herniaria hirsuta,,,
Herniaria incana,,,
Herpestes javanicus,,,
Hesperis matronalis,,,
Hesperis matronalis matronalis,,,
Hesperis sylvestris,,,
Heterobostrychus aequalis,,,
Heterobostrychus brunneus,,,
Heteroonops spinimanus,,,
Heteropoda venatoria,,,
Heterosigma akashiwo,,,
Heuchera brizoides,,,
Heuchera cylindrica,,,
Heuchera sanguinea,,,
Hibiscus moscheutos,,,
Hibiscus rosa-sinensis,,,
Hibiscus syriacus,,,
Hibiscus trionum,,,
Hieracium amplexicaule subsp. spelaeum (Arv.-Touv.) Zahn,,,
Hieracium chlorocephalum,,,
Hieracium compositum,,,
Hieracium glaucinum heteroschistum,,,
Hieracium glaucinum similatum,,,
Hieracium gombense,,,
Hieracium gombense weitfeldense,,,
Hieracium racemosum,,,
Hieracium saxatile,,,
Himanthalia elongata,,,
Hirschfeldia incana,,,
Histiostoma feroniarum,,,
Hohorstiella gigantea,,,
Hohorstiella lata,,,
Holaspulus tenuipes,,,
Holocnemus pluchei,,,
Holodiscus discolor,,,
Holoparamecus caularum,,,
Homarus americanus,,,
Hoplammophila clypeata,,,
Hordeum distichon,,,
Hordeum jubatum,,,
Hosta plantaginea,,,
Hosta sieboldiana,,,
Hosta ventricosa,,,
Houttuynia cordata,,,
Howardia biclavis,,,
Humulus scandens,,,
Hyacinthoides hispanica,,,
Hyacinthoides massartiana,,,
Hyadaphis tataricae,,,
Hyalomma aegyptium,,,
Hydnangium carneum,,,
Hydnotrya cubispora,,,
Hydrangea arborescens,,,
Hydrocotyle bonariensis,,,
Hydrocotyle ranunculoides,,,
Hydroides elegans,,,
Hydrotaea aenescens,,,
Hygromia cinctella,,,
Hygrophila polysperma,,,
Hyla meridionalis,,,
Hylaeus euryscapus,,,
Hylotelephium spectabile,,,
Hymenoscyphus fraxineus,,,
Hypania invalida,,,
Hypericum forrestii,,,
Hypericum majus,,,
Hyphantria cunea,,,
Hyphessobrycon rosaceus,,,
Hypochera chalybeata,,,
Hypomedon debilicornis,,,
Hypophthalmichthys molitrix,,,
Hypophthalmichthys nobilis,,,
Hypoponera eduardi,,,
Hypoponera ergatandria,,,
Hypoponera punctatissima,,,
Hypoponera schauinslandi,,,
Hyporhamphus affinis,,,
Hyssopus officinalis,,,
Hyssopus officinalis officinalis,,,
Hyssopus thymus,,,
Hysterangium inflatum,,,
Hystrix cristata,,,
Iberis umbellata,,,
Ibicella lutea,,,
Icius subinermis,,,
Idiopterus nephrelepidis,,,
Idotea metallica,,,
Illinoia azaleae,,,
Illinoia goldmaryae,,,
Illinoia liriodendri,,,
Impatiens balfourii,,,
Impatiens balsamina,,,
Impatiens capensis,,,
Impatiens edgeworthii,,,
Impatiens glandulifera,,,
Impatiens parviflora,,,
Impatiens walleriana,,,
Impatientinum asiaticum,,,
Insignorthezia insignis,,,
Inula helenium,,,
Ipheion uniflorum,,,
Ipomoea batatas,,,
Ipomoea indica,,,
Ipomoea purpurea,,,
Ipomoea tricolor,,,
Iris ensata,,,
Iris florentina,,,
Iris graminea,,,
Iris hollandica,,,
Iris japonica,,,
Iris pallida,,,
Iris pallida pallida,,,
Iris pumila,,,
Iris versicolor,,,
Iris yellow spot orthotospovirus,,,
Ischnothyreus lymphaseus,,,
Ischnothyreus velox,,,
Ischnura senegalensis,,,
Isodontia mexicana,,,
Itoplectis conquisitor,,,
Iva xanthiifolia,,,
Ixia maculata,,,
Iziphya flabella,,,
Jackrogersella cohaerens,,,
Jacobaea subalpina,,,
Jaera istri,,,
Jaera sarsi,,,
Japananus hyalinus,,,
Jasminum nudiflorum,,,
Jasminum polyanthum,,,
Jassa marmorata,,,
Jotonchium zeae,,,
Juglans cinerea,,,
Juglans mandshurica,,,
Juglans nigra,,,
Juncus dudleyi,,,
Juncus ensifolius,,,
Juncus tenuis,,,
Juncus vaginatus,,,
Juniperus chinensis,,,
Juniperus virginiana,,,
Kabatiella caulivora,,,
Kabatiella zeae,,,
Kabatina thujae,,,
Kalanchoe fedtschenkoi,,,
Kalanchoe pinnata,,,
Kali tragus,,,
Kalmia angustifolia,,,
Karenia mikimotoi,,,
Karlodinium veneficum,,,
Karpatiosorbus latifolia,,,
Katamysis warpachowskyi,,,
Katapsuxis silaifolia,,,
Kerria japonica,,,
Khawia sinensis,,,
Kniphofia uvaria,,,
Koelreuteria paniculata,,,
Koenigia polystachya,,,
Kolkwitzia amabilis,,,
Krynickillus melanocephalus,,,
Kryphioiulus occultus,,,
Kryptonesticus eremita,,,
Kyboasca maligna,,,
Labia minor,,,
Labidura riparia,,,
Laburnum alpinum,,,
Laburnum anagyroides,,,
Laburnum watereri,,,
Labyrinthula zosterae,,,
Laccaria bisporigera,,,
Laccaria fraterna,,,
Lachnellula willkommii,,,
Lactocollybia variicystis,,,
Lactuca macrophylla,,,
Lactuca macrophylla uralensis,,,
Lactuca sativa,,,
Lactuca tatarica,,,
Ladislavella catascopium,,,
Lagarosiphon major,,,
Lagenaria siceraria,,,
Lagerstroemia indica,,,
Lagopoecus colchicus,,,
Lagopus lagopus,,,
Lagopus muta,,,
Lama glama,,,
Laminaria japonica,,,
Lamium galeobdolon argentatum,,,
Lamium purpureum incisum,,,
Lampranthus spectabilis,,,
Lamprocapnos spectabilis,,,
Lamprotornis superbus,,,
Lamyctes emarginatus,,,
Langelandia vienensis,,,
Lantana camara,,,
Laonome xeprovala,,,
Larix gmelinii,,,
Larix kaempferi,,,
Lasioderma serricorne,,,
Lasioglossum malachurum,,,
Lasius neglectus,,,
Latheticus oryzae,,,
Lathraea clandestina,,,
Lathyrus latifolius,,,
Lathyrus odoratus,,,
Lathyrus sativus,,,
Latridius minutus,,,
Lecane bifurca,,,
Lecanosticta acicola,,,
Ledum palustre subsp. groenlandicum,,,
Leiobunum religiosum,,,
Leiothrix lutea,,,
Lemna aequinoctialis,,,
Lemna minuta,,,
Lemna turionifera,,,
Lennoxia faveolata,,,
Lentinula edodes,,,
Leonotis leonurus,,,
Leonotis nepetifolia,,,
Leonurus japonicus,,,
Leonurus quinquelobatus,,,
Lepadella triptera,,,
Lepidium densiflorum,,,
Lepidium densiflorum,,,
Lepidium didymum,,,
Lepidium draba,,,
Lepidium heterophyllum,,,
Lepidium perfoliatum,,,
Lepidium virginicum,,,
Lepidium virginicum virginicum,,,
Lepidodinium chlorophorum,,,
Lepidosaphes beckii,,,
Lepidosaphes pinnaeformis,,,
Lepidosaphes ulmi,,,
Lepinotus reticulatus,,,
Lepiota rhyparophora,,,
Lepista graveolens,,,
Lepomis auritus,,,
Lepomis cyanellus,,,
Lepomis gibbosus,,,
Leptacinus pusillus,,,
Leptinotarsa decemlineata,,,
Leptoglossus occidentalis,,,
Leptonemertes chalicophora,,,
Lepus europaeus,,,
Lepus timidus,,,
Leratiomyces ceres,,,
Leratiomyces percevalii,,,
Lespedeza cuneata,,,
Leucanthemella serotina,,,
Leucanthemum atratum,,,
Leucanthemum maximum,,,
Leucanthemum superbum,,,
Leucoagaricus americanus,,,
Leucoagaricus badhamii,,,
Leucoagaricus meleagris,,,
Leucocoprinus birnbaumii,,,
Leucocoprinus caldariorum,,,
Leucocoprinus cepistipes,,,
Leucocoprinus cretaceus,,,
Leucocoprinus ianthinus,,,
Leucocoprinus straminellus,,,
Leucojum aestivum,,,
Leucojum aestivum aestivum,,,
Leucomastus varnensis,,,
Leucophytia bidentata,,,
Leucospermum cordifolium,,,
Leucothrips nigripennis,,,
Levisticum officinale,,,
Leycesteria formosa,,,
Liatris spicata,,,
Ligularia dentata,,,
Ligularia przewalskii,,,
Liguropia juniperi,,,
Ligustrum japonicum,,,
Ligustrum lucidum,,,
Ligustrum ovalifolium,,,
Lilium lancifolium,,,
Limnias ceratophylli,,,
Limnias melicerta,,,
Limnomysis benedeni,,,
Limonia trivittata,,,
Limulus polyphemus,,,
Linaria dalmatica,,,
Linaria genistifolia,,,
Linaria genistifolia genistifolia,,,
Linaria maroccana,,,
Linaria purpurea,,,
Linaria spartea,,,
Lindernia dubia,,,
Linepithema humile,,,
Linum austriacum,,,
Linum austriacum austriacum,,,
Linum grandiflorum,,,
Linum usitatissimum,,,
Lipaphis fritzmuelleri,,,
Lipeurus caponis,,,
Lipeurus maculosus,,,
Liposcelis bostrychophila,,,
Liposcelis brunnea,,,
Liposcelis corrodens,,,
Liposcelis decolor,,,
Liposcelis entomophila,,,
Liposcelis pearmani,,,
Liposcelis pubescens,,,
Liquidambar styraciflua,,,
Liriodendron tulipifera,,,
Liriomyza huidobrensis,,,
Liriomyza sativae,,,
Lissachatina fulica,,,
Litargus balteatus,,,
Lithobates catesbeianus,,,
Lithocharis nigriceps,,,
Lithocharis ochracea,,,
Lithoglyphus naticoides,,,
Lithostygnus serripennis,,,
Lixus punctiventris,,,
Lobelia erinus,,,
Lobelia pedunculata,,,
Lobelia siphilitica,,,
Lobularia maritima,,,
Locusta migratoria,,,
Lolium elongatum,,,
Lolium multiflorum,,,
Lomelosia caucasica,,,
Lonchura oryzivora,,,
Lonicera acuminata,,,
Lonicera involucrata,,,
Lonicera involucrata ledebourii,,,
Lonicera japonica,,,
Lonicera ligustrina var. pileata,,,
Lonicera ligustrina var. yunnanensis,,,
Lonicera maackii,,,
Lonicera sempervirens,,,
Lonicera tatarica,,,
Lophocolea semiteres,,,
Lophodytes cucullatus,,,
Lopholeucaspis cockerelli,,,
Lophonetta specularioides,,,
Lophura nycthemera,,,
Lotus dorycnium,,,
Lotus hirsutus,,,
Lotus tetragonolobus,,,
Loxia curvirostra,,,
Lucilla inermis,,,
Ludwigia grandiflora,,,
Ludwigia kentiana,,,
Ludwigia peploides,,,
Lunaria annua,,,
Lunaria annua annua,,,
Lunularia cruciata,,,
Luperomorpha xanthodera,,,
Lupinus albus albus,,,
Lupinus nootkatensis,,,
Lupinus perennis,,,
Lupinus polyphyllus,,,
Lupinus regalis,,,
Lycaena dispar,,,
Lycium barbarum,,,
Lycium chinense,,,
Lycoperdon marginatum,,,
Lyctocoris campestris,,,
Lyctus brunneus,,,
Lyctus cavicollis,,,
Lygodium japonicum,,,
Lynx lynx,,,
Lysichiton americanus,,,
Lysichiton camtschatcensis,,,
Lysimachia ciliata,,,
Lysimachia clethroides,,,
Lysimachia punctata,,,
Lysurus cruciatus,,,
Maackia amurensis,,,
Macaca mulatta,,,
Macaca sylvanus,,,
Macaroeris nidicolens,,,
Macleaya cordata,,,
Maclura pomifera,,,
Macrobrachium dayanum,,,
Macrochelys temminckii,,,
Macropsis elaeagni,,,
Macropus rufogriseus,,,
Macrosiphoniella sanborni,,,
"Macrosiphum albifrons Essig, 1911",,,
Macrosiphum euphorbiae,,,
"Macrosiphum euphorbiae (C.Thomas, 1878)",,,
Macrosternodesmus palicola,,,
Magallana angulata,,,
Magallana gigas,,,
Magnolia grandiflora,,,
Magnolia liliiflora,,,
Magnolia stellata,,,
Mahonia aquifolium,,,
Mahonia bealei,,,
Mahonia repens,,,
Maianthemum stellatum,,,
Malapterurus electricus,,,
Malus baccata,,,
Malus domestica,,,
Malus pumila,,,
Malus toringo,,,
Malva verticillata,,,
Marasmius buxi,,,
Marava arachidis,,,
Marenzelleria neglecta,,,
Marenzelleria viridis,,,
Marmaronetta angustirostris,,,
Marteilia refringens,,,
Massaria anomia,,,
Mastocarpus stellatus,,,
Matricaria discoidea,,,
Mauremys caspica,,,
Mecinus pascuorum,,,
Mecistocephalus guildingii,,,
Mecistocephalus punctifrons,,,
Medicago arabica,,,
Medicago polymorpha,,,
Medicago sativa sativa,,,
Medicago sativa subsp. varia,,,
Mediopyxis helysia,,,
Medora almissana,,,
Megabruchidius dorsalis,,,
Megabruchidius tonkineus,,,
Megaselia scalaris,,,
Megastigmus aculeatus,,,
Megastigmus atedius,,,
Megastigmus pinus,,,
Megastigmus rafni,,,
Megastigmus spermotrophus,,,
Melampodium montanum,,,
Melampsora hypericorum,,,
Melampsora laricis-populina,,,
Melampsora populnea,,,
Melampsorella caryophyllacearum,,,
Melampsoridium hiratsukanum,,,
Melanerpes carolinus,,,
Melanitta perspicillata,,,
Melanoides tuberculata,,,
Melanothamnus harveyi,,,
Meleagris gallopavo,,,
Melica altissima,,,
Melilotus indicus,,,
Melissa officinalis,,,
Melita nitida,,,
Meloidogyne chitwoodi,,,
Meloidogyne fallax,,,
Melopsittacus undulatus,,,
Menacanthus cornutus,,,
Menacanthus pallidulus,,,
Menacanthus stramineus,,,
Menetus dilatatus,,,
Menopon gallinae,,,
Mentha gentilis,,,
Mentha spicata spicata,,,
Mentha villosa,,,
Mentha villosa villosa,,,
Mentha villosa-nervata,,,
Mermessus denticulatus,,,
Mermessus trilobatus,,,
Mesocricetus auratus,,,
Messor structor,,,
Metasequoia glyptostroboides,,,
Metcalfa pruinosa,,,
Metrosideros excelsa,,,
Mezium affine,,,
Micoureus demerarae,,,
Micrapate puncticollis,,,
Microceramus gossei,,,
Micropholcus fauroti,,,
Microphthalmus similis,,,
Micropterus dolomieu,,,
Micropterus salmoides,,,
Microscolex dubius,,,
Microscolex phosphoreus,,,
Microstegium vimineum,,,
Microterys nietneri,,,
Migneauxia lederi,,,
Miktoniscus linearis,,,
Milax gagates,,,
Milax nigricans,,,
Milvus milvus,,,
Mimulus guttatus,,,
Minthea squamigera,,,
Mirabilis jalapa,,,
Mirabilis nyctaginea,,,
Miscanthus longiberbis,,,
Miscanthus sacchariflorus,,,
Miscanthus sinensis,,,
Misgurnus anguillicaudatus,,,
Mnemiopsis leidyi,,,
Modisimus culicinus,,,
Moerisia inkermanica,,,
Molgula manhattensis,,,
Momordica charantia,,,
Monarda didyma,,,
Monilinia fructicola,,,
Monocorophium sextonae,,,
Monocorophium uenoi,,,
Monomorium floricola,,,
Monomorium pharaonis,,,
Monosolenium tenerum,,,
Monostegia nigra,,,
Monstera deliciosa,,,
Montagnea radiosa,,,
Mordellistena cattleyana,,,
Morella pensylvanica,,,
Morus alba,,,
Morus nigra,,,
Muellerius capillaris,,,
Muhlenbergia mexicana,,,
Mulinia lateralis,,,
Muntiacus reevesi,,,
Mus musculus,,,
Muscari armeniacum,,,
Muscari aucheri,,,
Musculium transversum,,,
Mustela vison,,,
Mutinus elegans,,,
Mutinus ravenelii,,,
Mya arenaria,,,
Myagrum perfoliatum,,,
Mycena alphitophora,,,
Mycenastrum corium,,,
Mycetaea subterranea,,,
Mycetoporus nigricollis,,,
Mycosphaerella pini,,,
Mycteria ibis,,,
Myiopsitta monachus,,,
Myocastor coypus,,,
Myriophyllum aquaticum,,,
Myriophyllum heterophyllum,,,
Myrmechixenus vaporariorum,,,
Myrmecocephalus concinnus,,,
Mythimna unipuncta,,,
Mytilicola intestinalis,,,
Mytilicola orientalis,,,
Mytilopsis leucophaeata,,,
Myzus ascalonicus,,,
Myzus ornatus,,,
Myzus ornatus,,,
"Myzus persicae (Sulzer, 1776)",,,
Nannopsittaca panychlora,,,
"Narcissus hispanicus Willd. ex Willk. & Lange, 1861",,,
Narcissus incomparabilis,,,
Nasonia vitripennis,,,
Nasua nasua,,,
Naupactus cervinus,,,
Nauphoeta cinerea,,,
Neandra brunnea,,,
Nearctaphis bakeri,,,
Necrobia ruficollis,,,
Necrobia rufipes,,,
Necrobia violacea,,,
Necrosyrtes monachus,,,
Neillia incisa,,,
Nemastoma bidentatum,,,
Nematus tibialis,,,
Nemopsis bachei,,,
Neobisnius procerulus,,,
Neocaridina davidi,,,
Neoclytus acuminatus,,,
Neodexiospira brasiliensis,,,
Neogobius fluviatilis,,,
Neogobius melanostomus,,,
Neomysis integer,,,
Neomyzus circumflexus,,,
Neoseiulus californicus,,,
Neoseiulus cucumeris,,,
Neosiphonia harveyi,,,
Neosiphonia harveyi,,,
Neosiphonia harveyi,,,
Neosiphonia harveyi,,,
Neostylopyga rhombifolia,,,
Neotoxoptera formosana,,,
Neotrinia splendens,,,
Nepeta faassenii,,,
Nepeta grandiflora,,,
Nepeta racemosa,,,
Nepeta x faasenii,,,
Nephrolepis exaltata,,,
Nephtys ciliata,,,
Nesticodes rufipes,,,
Netta peposaca,,,
Netta rufina,,,
Nicandra physalodes,,,
Nicotiana alata,,,
Nicotiana glauca,,,
Nicotiana rustica,,,
Nicotiana sylvestris,,,
Nicotiana tabacum,,,
Nigella sativa,,,
Nipaecoccus nipae,,,
Nippoleucon hinumensis,,,
Nitzschia sigmoidea,,,
Nodularia spumigena,,,
Nonea lutea,,,
Nonea rosea,,,
Nonea versicolor,,,
Nothophaeocryptopus gaeumannii,,,
Nucifraga caryocatactes,,,
Numida meleagris,,,
Nuphar advena,,,
Nyctereutes procyonoides,,,
Nycticorax nycticorax,,,
Nymphaea nouchali caerulea,,,
Nymphaea rubra,,,
Nymphicus hollandicus,,,
Nysius huttoni,,,
Obesogammarus crassus,,,
Obesogammarus obesus,,,
Obolodiplosis robiniae,,,
Ocimum basilicum,,,
Ocyphaps lophotes,,,
Odiellus spinosus,,,
Odontarrhena muralis,,,
Oemleria cerasiformis,,,
Oenothera acutifolia,,,
Oenothera albipercurva,,,
Oenothera ammophila,,,
Oenothera angustissima,,,
Oenothera biennis,,,
Oenothera braunii,,,
Oenothera brevispicata,,,
Oenothera cambrica,,,
Oenothera canovirens,,,
Oenothera casimiri,,,
Oenothera compacta,,,
Oenothera coronifera,,,
Oenothera deflexa,,,
Oenothera drawertii,,,
Oenothera editicaulis,,,
Oenothera ersteinensis,,,
Oenothera fallax,,,
Oenothera flaemingina,,,
Oenothera gaura,,,
Oenothera glazioviana,,,
Oenothera hoelscheri,,,
Oenothera issleri,,,
Oenothera jueterbogensis,,,
Oenothera lindheimeri,,,
Oenothera macrocarpa,,,
Oenothera macrosperma,,,
Oenothera mediomarchica,,,
Oenothera oakesiana,,,
Oenothera oehlkersii,,,
Oenothera paradoxa,,,
Oenothera parviflora,,,
Oenothera perennis,,,
Oenothera punctulata,,,
Oenothera pycnocarpa,,,
Oenothera rosea,,,
Oenothera royfraseri,,,
Oenothera rubricaulis,,,
Oenothera rubricauloides,,,
Oenothera speciosa,,,
Oenothera suaveolens,,,
Oenothera subterminalis,,,
Oenothera victorinii,,,
Oenothera villosa,,,
Oithona davisae,,,
Oligota parva,,,
Oligota pusillima,,,
Omonadus floralis,,,
Omphalodes verna,,,
Omphalotus illudens,,,
Onchocleidus acer,,,
Onchocleidus furcatus,,,
Oncorhynchus keta,,,
Oncorhynchus mykiss,,,
Oncorhynchus rhodurus,,,
Ondatra zibethicus,,,
Onoclea sensibilis,,,
Ooencyrtus kuvanae,,,
Opeas hannense,,,
Opetiopalpus scutellaris,,,
Ophiodesmus albonanus,,,
Ophiognomonia leptostyla,,,
Ophiostoma novo-ulmi,,,
Ophiostoma novo-ulmi subsp. americana,,,
Ophiostoma novo-ulmi subsp. novo-ulmi,,,
Ophiostoma ulmi,,,
Ophyra aenescens,,,
Opilio canestrinii,,,
Opilio parietinus,,,
Opisthorchis viverrini,,,
Opius pallipes,,,
Opogona sacchari,,,
Opuntia ficus-indica,,,
Opuntia humifusa,,,
Opuntia phaeacantha,,,
Oreochromis mossambicus,,,
Oreochromis niloticus,,,
Organothrips indicus,,,
Orientus ishidae,,,
Origanum vulgare hirtum,,,
Orius insidiosus,,,
Orius laevigatus,,,
Ornithogalum boucheanum,,,
Ornithogalum nutans,,,
Ornithogalum pyramidale,,,
Ornithonyssus bacoti,,,
Ornithopus sativus,,,
Ornithopus sativus sativus,,,
Orontium aquaticum,,,
Orthodontium lineare,,,
Oryzaephilus mercator,,,
Oryzaephilus surinamensis,,,
Osmia cornifrons,,,
Osmia cornuta,,,
Osteospermum ecklonis,,,
Otiorhynchus rotundus,,,
Otiorhynchus smreczynskii,,,
Otiorhynchus sulcatus,,,
Ovis ammon,,,
Ovis aries,,,
Oxalis articulata,,,
Oxalis decaphylla,,,
Oxalis dillenii,,,
Oxalis latifolia,,,
Oxalis pes-caprae,,,
Oxalis stricta,,,
Oxalis tetraphylla,,,
Oxalis triangularis,,,
Oxidus gracilis,,,
Oxychilus draparnaudi,,,
Oxylipeurus mesopelios,,,
Oxylipeurus polytrapezius,,,
Oxytelus migrator,,,
Oxyura jamaicensis,,,
Pachycordyle michaeli,,,
Pachysandra terminalis,,,
Pacifastacus leniusculus,,,
Pacificincola perforata,,,
Paeonia lactiflora,,,
Paeonia mascula,,,
Paeonia mascula mascula,,,
Paeonia officinalis,,,
Paeonia officinalis officinalis,,,
Palaemon elegans,,,
Palaemon longirostris,,,
Palaemon macrodactylus,,,
Palorus depressus,,,
Palorus ratzeburgi,,,
Palorus subdepressus,,,
Palpita vitrealis,,,
Panaphis juglandis,,,
Panchlora peruana,,,
Pandava laminata,,,
Panicum capillare,,,
Panicum capillare,,,
Panicum dichotomiflorum,,,
Panicum miliaceum,,,
Panicum miliaceum miliaceum,,,
Panicum virgatum,,,
Pantala flavescens,,,
Pantherophis guttatus,,,
Panysinus nicholsoni,,,
Papaver atlanticum,,,
Papaver cambricum,,,
Papaver orientale,,,
Papaver somniferum,,,
Parabuteo unicinctus,,,
Paralaoma servilis,,,
Paralepistopsis amoenolens,,,
Paramysis lacustris,,,
Paranais botniensis,,,
Paraspirobolus lucifugus,,,
Parasteatoda tabulata,,,
Parasteatoda tepidariorum,,,
Paratenuisentis ambiguus,,,
Paratrechina flavipes,,,
Paratrechina longicornis,,,
Paratrechina vividula,,,
Parectopa robiniella,,,
Parietaria pensylvanica,,,
Parlatoria pergandii,,,
Parlatoria proteus,,,
Paroaria coronata,,,
Paroaria dominicana,,,
Parthenium hysterophorus,,,
Parthenocissus inserta,,,
Parthenocissus quinquefolia,,,
Parthenocissus tricuspidata,,,
Parthenolecanium persicae,,,
Parthenothrips dracaenae,,,
Paspalum distichum,,,
Passer domesticus,,,
Passer hispaniolensis,,,
Passer luteus,,,
Passer montanus,,,
Passerina ciris,,,
Passiflora caerulea,,,
Pastinaca sativa urens,,,
Pastinaca umbrosa,,,
Pastor roseus,,,
Paulownia tomentosa,,,
Paurocotylis pila,,,
Pavo cristatus,,,
Paxillus vernalis,,,
Pectinatella magnifica,,,
Pelargonium peltatum,,,
Pelargonium tomentosum,,,
Pelargonium zonale,,,
Pelecanus crispus,,,
Pelecanus rufescens,,,
Pellia epiphylla,,,
Pelomyia occidentalis,,,
Pelophylax bedriagae,,,
Penilia avirostris,,,
Pentaglottis sempervirens,,,
Pentalonia nigronervosa,,,
Pentarthrum huttoni,,,
Pepino mosaic virus,,,
Perccottus glenii,,,
Perdicula asiatica,,,
Pergamasus crassipes,,,
Perichaeta morrisi,,,
Perichaeta sinensis,,,
Peridinium quadridentatum,,,
Perigona nigriceps,,,
Perilitus vittatae,,,
Perillus bioculatus,,,
Periplaneta americana,,,
Periplaneta australasiae,,,
Peronospora arthurii,,,
Peronospora grisea,,,
Peronospora hyoscyami,,,
Peronospora jacksonii,,,
Peronospora manshurica,,,
Perophora japonica,,,
Perpolita electrina,,,
Persea americana,,,
Persicaria capitata,,,
Persicaria nepalensis,,,
Persicaria orientalis,,,
Persicaria perfoliata,,,
Petasites japonicus,,,
Petricolaria pholadiformis,,,
Petroselinum crispum,,,
Petunia atkinsiana,,,
Petunia integrifolia,,,
Peziza ostracoderma,,,
Phacelia campanularia,,,
Phacelia tanacetifolia,,,
Phacophallus pallidipennis,,,
Phacophallus parumpunctatus,,,
Phalaris brachystachys,,,
Phalaris canariensis,,,
Phalaris coerulescens,,,
Phalaris minor,,,
Phalaris paradoxa,,,
Phallogaster saccatus,,,
Phallus indusiatus,,,
Phaseolus coccineus,,,
Phaseolus vulgaris,,,
Phasia barbifrons,,,
Phasianus colchicus,,,
Phedimus hybridus,,,
Phedimus spurius,,,
Pheidole anastasii,,,
Pheidole bilimeki,,,
Pheidole guineensis,,,
Pheidole megacephala,,,
Pheidole pallidula,,,
Phellodendron amurense,,,
Phellorinia herculeana,,,
Phialophora cinerescens,,,
Philadelphus coronarius,,,
Philonotis hastata,,,
Philonthus rectangulus,,,
Philonthus spinipes,,,
Phloeospora robiniae,,,
Phlomis russeliana,,,
Phlox drummondii,,,
Phlox paniculata,,,
Phlox subulata,,,
Phlugiola dahlemica,,,
Phoeniconaias minor,,,
Phoenicopterus chilensis,,,
Phoenicopterus roseus,,,
Phoenicopterus ruber,,,
Phoenix dactylifera,,,
Pholcus phalangioides,,,
Phoma exigua var. foveata,,,
Phoneutria boliviensis,,,
Photinia floribunda,,,
Phthorimaea absoluta,,,
Phthorimaea operculella,,,
Phyllonorycter issikii,,,
Phyllonorycter leucographella,,,
Phyllonorycter platani,,,
Phyllonorycter robiniella,,,
Phylloscopus trochiloides,,,
Phyllostachys aurea,,,
Phyllostachys viridiglaucescens,,,
Phyllosticta capitalensis,,,
Phyllosticta paviae,,,
Physalis peruviana,,,
Physalis philadelphica,,,
Physella acuta,,,
Physocarpus opulifolius,,,
Physostegia virginiana,,,
Phytolacca acinosa,,,
Phytolacca americana,,,
Phytophthora alni subsp. alni,,,
Phytophthora cinnamomi,,,
Phytophthora infestans,,,
Phytophthora ramorum,,,
Phytophthora tropicalis,,,
Phytoseiulus longipes,,,
Phytoseiulus persimilis,,,
Pica pica,,,
Picea engelmannii,,,
Picea glauca,,,
Picea mariana,,,
Picea omorika,,,
Picea pungens,,,
Picea sitchensis,,,
Picipes rhizophilus,,,
Pieris floribunda,,,
Pilea peperomioides,,,
Pileolaria berkeleyana,,,
Pileolaria militaris,,,
Pilosella acutifolia,,,
Pimephales promelas,,,
Pimpinella peregrina,,,
Pinellia ternata,,,
Pineus strobi,,,
Pinnaspis aspidistrae,,,
Pinnaspis buxi,,,
Pinus aristata,,,
Pinus banksiana,,,
Pinus contorta contorta,,,
Pinus nigra,,,
Pinus nigra nigra,,,
Pinus ponderosa,,,
Pinus strobus,,,
Pinus wallichiana,,,
Piscicola haranti,,,
Pistia stratiotes,,,
Pitrufquenia coypus,,,
Plagiolemma distortum,,,
Plagiolepis allaudi,,,
Plagiolepis exigua,,,
Planococcus citri,,,
Planorbella duryi,,,
Planorbella trivolvis,,,
Plantago weldenii,,,
Plasmodium malariae,,,
Plasmopara halstedii,,,
Plasmopara viticola,,,
Platalea alba,,,
Platanus occidentalis,,,
Platorchestia platensis,,,
Platycercus elegans,,,
Platycercus eximius,,,
Platycercus icterotis,,,
Platycladus orientalis,,,
Pleurodonte lychnuchus,,,
Pleurosigma simonsenii,,,
Pleurotus citrinopileatus,,,
Ploceus cucullatus,,,
Ploceus intermedius,,,
Ploceus velatus,,,
Plodia interpunctella,,,
Plotosus lineatus,,,
Plum pox virus,,,
Plumatella casmiana,,,
Plumbago auriculata,,,
Podarcis muralis,,,
Podosphaera mors-uvae,,,
Poecilia reticulata,,,
Poicephalus senegalensis,,,
Polycarpon tetraphyllum,,,
Polycarpon tetraphyllum tetraphyllum,,,
Polydesmus denticulatus,,,
Polydora cornuta,,,
Polydora websteri,,,
Polygonatum hybridum,,,
Polygonum affine,,,
Polyplax spinulosa,,,
Polyporus rhizophilus,,,
Polyscytalum pustulans,,,
Polysiphonia fucoides,,,
Polysticta stelleri,,,
Pomacea glauca,,,
Ponera coarctata,,,
Pontastacus leptodactylus,,,
Pontederia cordata,,,
Pontederia crassipes,,,
Ponticola kessleri,,,
Pontogammarus robustoides,,,
Popillia japonica,,,
Populus balsamifera,,,
Populus canadensis,,,
Populus deltoides,,,
Populus simonii,,,
Populus suaveolens,,,
Populus tremuloides,,,
Populus trichocarpa,,,
Populus trichocarpa Torrey & A.Gray,,,
Poratia digitata,,,
Poratia obliterata,,,
Porcellio dilatatus,,,
Porcellio laevis,,,
Porcellionides pruinosus,,,
Porphyrio alleni,,,
Portulaca grandiflora,,,
Portulaca granulatostellulata,,,
Portulaca oleracea,,,
Portulaca oleracea oleracea,,,
Potamopyrgus antipodarum,,,
Potamothrix bavaricus,,,
Potamothrix hammoniensis,,,
Potamothrix moldaviensis,,,
Potamothrix vejdovskyi,,,
Potamotrix spp.,,,
Potato mop-top virus,,,
Potentilla argyrophylla,,,
Potentilla indica,,,
Potentilla intermedia,,,
Poterium sanguisorba,,,
Potos flavus,,,
Pratylenchus penetrans,,,
Pratylenchus vulnus,,,
Proasellus coxalis,,,
Proasellus meridianus,,,
"Proasellus meridianus  (Racovitza, 1919)",,,
Proboscidea louisianica,,,
Procambarus clarkii,,,
Procambarus cubensis,,,
Procambarus fallax,,,
Procambarus fallax f. virginalis,,,
Procambarus fallax f. virginalis,,,
Procambarus fallax f. virginalis,,,
Procambarus virginalis,,,
Procyon lotor,,,
Promesostoma bilineatum,,,
Pronoctiluca pelagica,,,
Prorocentrum cordatum,,,
Prorocentrum triestinum,,,
Prosopantrum flavifrons,,,
Prosopis juliflora,,,
Prostephanus truncatus,,,
Prosthogonimus pellucidus,,,
Prostoma graecense,,,
Protea cynaroides,,,
Proterorhinus marmoratus,,,
Proterorhinus semilunaris,,,
Protomonostroma undulatum,,,
Protopulvinaria pyriformis,,,
Prunella intermedia,,,
Prunus armeniaca,,,
Prunus cerasifera,,,
Prunus cerasus,,,
Prunus domestica domestica,,,
Prunus dulcis,,,
Prunus eminens,,,
Prunus incisa,,,
Prunus laurocerasus,,,
Prunus persica,,,
Prunus serotina,,,
Prunus serrulata,,,
Prunus tenella,,,
Prunus tomentosa,,,
Prunus triloba,,,
Prunus virginiana,,,
Psacothea hilaris,,,
Psephellus dealbatus (Willd.) C.Koch,,,
Psephotus haematonotus,,,
Pseudacris regilla,,,
Pseudaphycus maculipennis,,,
Pseudaulacaspis pentagona,,,
Pseudeuophrys lanigera,,,
Pseudeurostus hilleri,,,
Pseudischnaspis bowreyi,,,
Pseudochattonella farcimen,,,
Pseudochattonella verruculosa,,,
Pseudococcus comstocki,,,
Pseudococcus longispinus,,,
Pseudococcus maritimus,,,
Pseudococcus viburni,,,
Pseudodactylogyrus anguillae,,,
Pseudodactylogyrus bini,,,
Pseudodiaptomus marinus,,,
Pseudofumaria alba,,,
Pseudofumaria alba alba,,,
Pseudofumaria lutea,,,
Pseudoidium poinsettiae,,,
Pseudomicrostroma juglandis,,,
Pseudomonocelis cetinae,,,
Pseudonectria tilachlidii,,,
Pseudorasbora parva,,,
Pseudosasa japonica,,,
Pseudosolenia calcar-avis,,,
Pseudosuccinea columella,,,
Pseudotsuga menziesii,,,
Pseudotsuga menziesii glauca,,,
Pseudotsuga menziesii menziesii,,,
Psidium cattleianum,,,
Psilochorus simoni,,,
Psilocybe aurantiaca,,,
Psilocybe cyanescens,,,
Psiloteredo megotara,,,
Psittacula alexandri,,,
Psittacula eupatria,,,
Psittacula krameri,,,
Psittacus erithacus,,,
Psoquilla marginepunctata,,,
Psyllipsocus ramburii,,,
Ptelea trifoliata,,,
Pteridothrips pteridicola,,,
Pterocarya pterocarpa,,,
Pterocarya stenoptera,,,
Pterogonium gracile,,,
Ptinella errabunda,,,
Ptinus tectus,,,
Puccinia antirrhini,,,
Puccinia horiana,,,
Puccinia komarovii,,,
Puccinia lagenophorae,,,
Puccinia malvacearum,,,
Puccinia pelargonii-zonalis,,,
Pueraria montana,,,
Pueraria montana lobata,,,
Pulmonaria rubra,,,
Pulmonaria saccharata,,,
Pulvinaria floccifera,,,
Pulvinaria hydrangeae,,,
Pulvinaria psidii,,,
Pulvinaria regalis,,,
Pulvinariella mesembryanthemi,,,
Punica granatum,,,
Puschkinia scilloides,,,
Pycnonotus barbatus,,,
Pycnonotus jocosus,,,
Pycnoporellus fulgens,,,
Pycnoscelus surinamensis,,,
Pyracantha coccinea,,,
Pyropia yezoensis,,,
Quercus cerris,,,
Quercus hispanica,,,
Quercus palustris,,,
Quercus rubra,,,
Quercus velutina,,,
Quinqueserialis quinqueserialis,,,
Ramaria flava,,,
Ramaria flavobrunnescens,,,
Ramaria rubripermanens,,,
Rangia cuneata,,,
Ranunculus psilostachys,,,
Rapistrum rugosum,,,
Rattus norvegicus,,,
Rattus rattus,,,
Reductoniscus costulatus,,,
Reesa vespulae,,,
Reticulitermes flavipes,,,
Reyllopia conollyana,,,
Reynoutria bohemica,,,
Reynoutria japonica,,,
Reynoutria sachalinensis,,,
Rhabdocline pseudotsugae,,,
Rhadinoceraea reitteri,,,
Rhagoletis cingulata,,,
Rhagoletis completa,,,
Rhagoletis suavis,,,
Rhaphiolepis loquata,,,
Rhaponticum repens,,,
Rhea americana,,,
Rheum palmatum,,,
Rheum rhabarbarum,,,
Rhinanthus rumelicus,,,
Rhinella marina,,,
Rhipicephalus sanguineus,,,
Rhithropanopeus harrisii,,,
Rhizoecus falcifer,,,
Rhizopogon hawkerae,,,
Rhizopogon villosulus,,,
Rhizosolenia indica,,,
Rhodobium porosum,,,
Rhododendron catawbiense,,,
Rhododendron groenlandicum,,,
Rhododendron luteum,,,
Rhododendron mucronatum,,,
Rhododendron ponticum,,,
Rhodotypos scandens,,,
Rhopalapion longirostre,,,
Rhopalomyia chrysanthemi,,,
Rhopalosiphoninus latysiphon,,,
Rhopalosiphoninus staphyleae,,,
Rhopalosiphum insertum,,,
Rhopalosiphum maidis,,,
Rhus coriaria,,,
Rhus glabra,,,
Rhus typhina,,,
Rhyncaphytoptus platani,,,
Rhynchodemus sylvaticus,,,
Rhyparobia maderae,,,
Rhyzopertha dominica,,,
Ribes aureum,,,
Riccia cavernosa,,,
Riccia fluitans,,,
Riccia rhenana,,,
Ricciocarpos natans,,,
Ricinus communis,,,
Ripariosida hermaphrodita,,,
Robinia pseudoacacia,,,
Rodgersia aesculifolia,,,
Rodgersia podophylla,,,
Rosa alba,,,
Rosa blanda,,,
Rosa californica,,,
Rosa centifolia,,,
Rosa chinensis,,,
Rosa damascena,,,
Rosa francofurtana,,,
Rosa lucida,,,
Rosa moyesii,,,
Rosa multiflora,,,
Rosa nitida,,,
Rosa rugosa,,,
Rosa virginiana,,,
Rosa woodsii,,,
Rosa xanthina,,,
Rubia tinctorum,,,
Rubus allegheniensis,,,
Rubus armeniacus,,,
Rubus canadensis,,,
Rubus cuneifolius,,,
Rubus flagellaris,,,
Rubus laciniatus,,,
Rubus odoratus,,,
Rubus parviflorus,,,
Rubus phoenicolasius,,,
Rubus spectabilis,,,
Rubus ursinus,,,
Rubus xanthocarpus,,,
Rudbeckia fulgida fulgida,,,
Rudbeckia hirta,,,
Rudbeckia laciniata,,,
Ruditapes philippinarum,,,
Ruhlandiella berolinensis,,,
Rumex confertus,,,
Rumex longifolius,,,
Rumex patientia,,,
Rumex salicifolius,,,
Rumex stenophyllus,,,
Rumex triangulivalvis,,,
Rumina decollata,,,
Rupicapra rupicapra,,,
Sagittaria latifolia,,,
Saissetia coffeae,,,
Saissetia oleae,,,
Salix acutifolia,,,
Salix atrocinerea,,,
Salix babylonica,,,
Salix cordata,,,
Salix eriocephala,,,
Salix helvetica,,,
Salix holosericea,,,
Salix pendulina,,,
Salix purpurea purpurea,,,
Salix sepulcralis,,,
Salix udensis,,,
Salmo marmoratus,,,
Salpichroa origanifolia,,,
Salvelinus alpinus,,,
Salvelinus fontinalis,,,
Salvelinus malma,,,
Salvelinus namaycush,,,
Salvia aethiopis,,,
Salvia farinacea,,,
Salvia splendens,,,
Salvia verbenaca,,,
Salvia verticillata,,,
Salvia virgata,,,
Salvia yangii,,,
Salvinia minima,,,
Salvinia molesta,,,
Sander volgensis,,,
Sanguisorba canadensis,,,
Sanguisorba minor balearica,,,
Santolina chamaecyparissus,,,
Sanvitalia procumbens,,,
Saperda candida,,,
Sarcodontia crocea,,,
Sargassum muticum,,,
Sarkidiornis melanotos,,,
Sarracenia flava,,,
Sarracenia purpurea,,,
Satureja hortensis,,,
Satureja montana,,,
Saxifraga arendsii,,,
Saxifraga cymbalaria,,,
Saxifraga geum,,,
Saxifraga hostii,,,
Saxifraga stolonifera,,,
Saxifraga umbrosa,,,
Sceliphron caementarium,,,
Sceliphron curvatum,,,
Schiffermuelleria amasiella,,,
Schisandra chinensis,,,
Schizobrachiella verrilli,,,
Schizomus crassicaudatus,,,
Schizoporella japonica,,,
Schlagintweitia huteri,,,
Schoenoplectus litoralis,,,
Schyzocotyle acheilognathi,,,
Sciadopitys verticillata,,,
Scilla amoena,,,
Scilla forbesii,,,
Scilla ingridiae,,,
Scilla luciliae,,,
Scilla sardensis,,,
Scilla siberica,,,
Scirpus cyperinus,,,
Scirpus georgianus,,,
Scirtothrips longipennis,,,
Sciurus carolinensis,,,
Sciurus niger,,,
Sciurus vulgaris,,,
Scleroderma cepa,,,
Scopelophila cataractae,,,
Scopolia carniolica,,,
Scopus umbretta,,,
Scrophularia vernalis,,,
Scutellaria albida,,,
Scutellaria altissima,,,
Scutigera coleoptrata,,,
Sedum aizoon,,,
Sedum caespitosum,,,
Sedum hispanicum,,,
Sedum kamtschaticum,,,
Sedum sarmentosum,,,
Sedum spurium,,,
Seifertia azaleae,,,
Seira elegans,,,
Seira mexicana,,,
Seiridium cardinale,,,
Selaginella apoda,,,
Semnolius chrysotrichus,,,
Semperula maculata,,,
Sempervivum funckii,,,
Sempervivum globiferum arenarium,,,
Sempervivum montanum,,,
Sempervivum montanum montanum,,,
Senecio inaequidens,,,
Senecio leucanthemifolius,,,
Senecio vernalis,,,
Senna didymobotrya,,,
Sequoia sempervirens,,,
Sequoiadendron giganteum,,,
Serinus canaria,,,
Sesamoides purpurascens,,,
Sesamum indicum,,,
Seseli elatum,,,
Setaria faberi,,,
Setaria italica,,,
Setaria parviflora,,,
Setchelliogaster tenuipes,,,
Sicyos angulatus,,,
Sida spinosa,,,
Sideritis montana,,,
Sigesbeckia jorullensis,,,
Silene chalcedonica,,,
Silene coronaria,,,
Silene dichotoma,,,
Silene pendula,,,
Silphium perfoliatum,,,
Silybum marianum,,,
Sinanodonta woodiana,,,
Sinapis alba,,,
Sinelobus stanfordi,,,
Sinelobus vanhaareni,,,
Sinomalus sieboldii,,,
Sinoxylon perforans,,,
Sinoxylon senegalense,,,
Sirex cyaneus,,,
Sirococcus tsugae,,,
Sisymbrium altissimum,,,
Sisymbrium irio,,,
Sisymbrium loeselii,,,
Sisymbrium orientale,,,
Sisymbrium volgense,,,
Sisyrinchium bermudiana,,,
Sisyrinchium montanum,,,
Sitobion luteum,,,
Sitophilus granarius,,,
Sitophilus oryzae,,,
Sitophilus zeamais,,,
Sitotroga cerealella,,,
Skistodiaptomus pallidus,,,
Smeringopus pallidus,,,
Sminthurinus trinotatus,,,
Smittoidea prolifica,,,
Smyrnium perfoliatum,,,
Smyrnium perfoliatum perfoliatum,,,
Soa flaviterminata,,,
Soil-borne wheat mosaic virus,,,
Solanum americanum,,,
Solanum angustifolium,,,
Solanum carolinense,,,
Solanum chenopodioides,,,
Solanum melongena,,,
Solanum physalifolium,,,
Solanum pseudocapsicum,,,
Solanum sarrachoides,,,
Solanum scabrum,,,
Solanum sisymbriifolium,,,
Solanum triflorum,,,
Solanum tuberosum,,,
Solanum villosum,,,
Soleirolia soleirolii,,,
Solidago canadensis,,,
Solidago canadensis x virgaurea,,,
Solidago gigantea,,,
Sorbaria sorbifolia,,,
Sorbus thuringiaca,,,
Sorghum,,,
Sorghum almum,,,
Sorghum bicolor,,,
Sorghum drummondii,,,
Sorghum halepense,,,
Sosticus loricatus,,,
Sparaxis tricolor,,,
Spartina townsendii var. anglica,,,
Spathodea campanulata,,,
Spilococcus filicicola,,,
Spilococcus mamillariae,,,
Spilopsyllus cuniculi,,,
Spinacia oleracea,,,
Spinus yarrellii,,,
Spiraea alba,,,
Spiraea arguta,,,
Spiraea billardii,,,
Spiraea chamaedryfolia,,,
Spiraea cinerea,,,
Spiraea douglasii,,,
Spiraea japonica,,,
Spiraea pseudosalicifolia,,,
Spiraea salicifolia,,,
Spiraea tomentosa,,,
Spiraea trilobata,,,
Spiraea vanhouttei,,,
Spodoptera litura,,,
Spoladea recurvalis,,,
Sporobolus anglicus,,,
Sporobolus michauxianus,,,
Sporobolus townsendii,,,
Squamanita odorata,,,
Stachys byzantina,,,
Stagonosporopsis ligulicola,,,
Steatoda grossa,,,
Steatoda triangulosa,,,
Stegobium paniceum,,,
Stelidota geminata,,,
Stenocypris major,,,
Stenocypris malcolmsoni,,,
Stenopelmus rufinasus,,,
Stephanitis oberti,,,
Stephanitis rhododendri,,,
Stephanitis takeyai,,,
Stephanopyxis palmeriana,,,
Stephanopyxis turris,,,
Stictocephala bisonia,,,
Stigmatogaster subterranea,,,
Stragania apicalis,,,
Strauzia longipennis,,,
Streblospio benedicti,,,
Streptopelia roseogrisea,,,
Stricticollis tobias,,,
Strongyloides myopotami,,,
Stropharia aurantiaca,,,
Stropharia eximia,,,
Stropharia rugosoannulata,,,
Stropharia rugosoannulata exima,,,
Stropharia rugosoannulata rugosoannulata,,,
Strumigenys rogeri,,,
Sturmia bella,,,
Sturnia sinensis,,,
Sturnus unicolor,,,
Styela clava,,,
Styphnolobium japonicum,,,
Subulina octona,,,
Suillus amabilis,,,
Suillus cavipes,,,
Suillus grevillei,,,
Suillus lakei,,,
Suillus pictus,,,
Suillus placidus,,,
Suillus spraguei,,,
Supella longipalpa,,,
Sylvilagus floridanus,,,
Sylvilagus transitionalis,,,
Symphoricarpos albus,,,
Symphoricarpos albus (L.) C.Koch,,,
Symphoricarpos orbiculatus,,,
Symphyotrichum dumosum,,,
Symphyotrichum ericoides,,,
Symphyotrichum laeve,,,
Symphyotrichum lanceolatum,,,
Symphyotrichum novae-angliae,,,
Symphyotrichum novi-belgii,,,
Symphyotrichum parviflorum,,,
Symphyotrichum pilosum,,,
Symphyotrichum salignum,,,
Symphyotrichum squamatum,,,
Symphyotrichum subulatum,,,
Symphyotrichum tradescantii,,,
Symphyotrichum versicolor,,,
Symphytum asperum,,,
Symphytum bulbosum,,,
Symphytum grandiflorum,,,
Symphytum uplandicum,,,
Synchytrium endobioticum,,,
Synidotea laticauda,,,
Syringa persica,,,
Syringa vulgaris,,,
Syrmaticus reevesii,,,
Tachinaephagus zealandicus,,,
Tachycines asynamorus,,,
Tadorna cana,,,
Tadorna ferruginea,,,
Tadorna tadornoides,,,
Tadorna variegata,,,
Taeniatherum caput-medusae,,,
Taeniopygia bichenovii,,,
Taeniopygia guttata,,,
Tagetes erecta,,,
Tagetes minuta,,,
Talitroides alluaudi,,,
Talitroides topitotum,,,
Talpa europaea,,,
Tamias sibiricus,,,
Tamias striatus,,,
Tanacetum balsamita,,,
Tanacetum macrophyllum,,,
Tanacetum partheniifolium,,,
Tanacetum parthenium,,,
Tandonia budapestensis,,,
Tapinoma melanocephalum,,,
Tapinoma nigerrimum,,,
Taxiphyllum barbieri,,,
Taxodium distichum,,,
Taxus cuspidata,,,
Taxus media,,,
Taylorilygus apicalis,,,
Technomyrmex albipes,,,
Technomyrmex detorquens,,,
Tecoma stans,,,
Telekia speciosa,,,
Tellima grandiflora,,,
Telmatogeton japonicus,,,
Tenebrio molitor,,,
Tenebroides mauritanicus,,,
Teredo navalis,,,
Testacella haliotidea,,,
Tetradium daniellii,,,
Tetragnatha shoshone,,,
Tetragonia tetragonioides,,,
Tetramorium guineense,,,
Tetramorium obesum,,,
Tetramorium simillimum,,,
Tetranychus ludeni,,,
Tetranychus urticae,,,
Tetrao urogallus,,,
Tetrapriocera longicornis,,,
Tetrastes bonasia,,,
Thalassiosira hendeyi,,,
Thalassiosira punctigera,,,
Thalassiosira tealata,,,
Thalictrum delavayi,,,
Thanatus vulgaris,,,
Tharyx killariensis,,,
Thaumatotibia leucotreta,,,
Thecadinium kofoidii,,,
Thecadinium yashimaense,,,
Thelidomus aspera,,,
Theocolax elegans,,,
Theodoxus danubialis,,,
Theodoxus transversalis,,,
Theotima minutissima,,,
Thera cupressata,,,
"Therioaphis trifolii (Monell, 1882)",,,
Thermobia domestica,,,
Thes bergrothi,,,
Thinopyrum elongatum,,,
Thoracochaeta seticosta,,,
Threskiornis aethiopicus,,,
Thrips setosus,,,
Thrips simplex,,,
Thrips tabaci,,,
Thuja occidentalis,,,
Thuja plicata,,,
Thunbergia alata,,,
Thymallus arcticus,,,
Thymus praecox britannicus,,,
Thymus pulegioides pannonicus,,,
Tiarella cordifolia,,,
Tiaropsis multicirrata,,,
Tilia americana,,,
Tilia euchlora,,,
Tilletia caries,,,
Tilletia controversa,,,
Tineola bisselliella,,,
Tinocallis takachihoensis,,,
Tithonia diversifolia,,,
Tomato ringspot virus,,,
Tomato spotted wilt orthotospovirus,,,
Torilis nodosa,,,
Toxicodendron pubescens,,,
Toxicodendron radicans,,,
Trachelospermum jasminoides,,,
Trachemys scripta,,,
Trachemys scripta elegans,,,
Trachemys scripta scripta,,,
Trachycarpus fortunei,,,
"Trachystemon orientalis Linnaeus, 1753",,,
Tradescantia andersoniana,,,
Tradescantia virginiana,,,
Tragopogon porrifolius,,,
Tragus racemosus,,,
Triadica sebifera,,,
Triaeris stenaspis,,,
Trialeurodes vaporariorum,,,
Tribolium castaneum,,,
Tribolium confusum,,,
Tribolium destructor,,,
Tricellaria inopinata,,,
Trichiusa robustula,,,
Trichoglossus haematodus,,,
Trichogramma brassicae,,,
Trichogramma chilonis,,,
Trichogramma dendrolimi,,,
Trichoniscoides sarsi,,,
Trichopoda pennipes,,,
Trichromothrips billeni,,,
Trichuris opaca,,,
Trifolium alexandrinum,,,
Trifolium hybridum,,,
Trifolium hybridum elegans,,,
Trifolium incarnatum,,,
Trifolium patens,,,
Trifolium resupinatum,,,
Trifolium subterraneum,,,
Trigonella caerulea,,,
Trimenopon hispidum,,,
Triticum aestivum,,,
Triticum turgidum,,,
Triturus carnifex,,,
Triturus marmoratus,,,
Trocheta cylindrica,,,
Trochila laurocerasi,,,
Trogoderma angustum,,,
Trogoderma glabrum,,,
Trogoderma granarium,,,
Tropaeolum majus,,,
Tropaeolum peregrinum,,,
Tropaeolum speciosum,,,
Tsuga canadensis,,,
Tsuga heterophylla,,,
Tsuga mertensiana,,,
Tuber gibbosum,,,
Tubificoides heterochaetus,,,
Tulipa clusiana,,,
Tulipa gesneriana,,,
Tulipa sylvestris,,,
Tulipa turkestanica,,,
Tulipa urumiensis,,,
Tulostoma giovanellae,,,
Tulostoma squamosum,,,
Tulostoma subfuscum,,,
Tupiocoris rhododendri,,,
Tympanuchus cupido,,,
Typha laxmannii,,,
Typhaea haagi,,,
Typhaea stercorea,,,
"Typhonia beatricis Hattenschwiler, 2000",,,
Typhula spathulata,,,
Ulex europaeus,,,
Ulex europaeus europaeus,,,
Ulmus pumila,,,
Uloborus plumipes,,,
Ulva australis,,,
Ulva californica,,,
Ulva gigantea,,,
Ulva lactuca,,,
Umbra limi,,,
Umbra pygmaea,,,
Umbraulva dangeardii,,,
Undaria pinnatifida,,,
Unio mancus,,,
Uraeginthus bengalus,,,
Urnatella gracilis,,,
Urocystis cepulae,,,
Urocystis occulta,,,
Urolepis rufipes,,,
Uroleucon erigeronense,,,
Uromyces appendiculatus,,,
Urozelotes rusticus,,,
Urtica pilulifera,,,
Ustilago maydis,,,
Vaccinium atlanticum,,,
Vaccinium corymbosum,,,
Vaccinium macrocarpum,,,
Vachellia farnesiana,,,
Valerianella eriocarpa,,,
Vallisneria spiralis,,,
Vanellus armatus,,,
Vanellus miles,,,
Vanellus spinosus,,,
Varroa destructor,,,
Vasates quadripedes,,,
Venturia inaequalis,,,
Verbascum speciosum,,,
Verbena aristigera,,,
Verbena bonariensis,,,
Verbena bracteata,,,
Verbena hastata,,,
Verbena rigida,,,
Verbesina encelioides,,,
Veronica filiformis,,,
Veronica peregrina,,,
Veronica peregrina peregrina,,,
Veronica persica,,,
Veronicastrum virginicum,,,
Verruca stroemia,,,
Vespa velutina,,,
Vespa velutina nigrithorax,,,
Viburnum rhytidophyllum,,,
Vicia articulata,,,
Vicia faba,,,
Vicia grandiflora,,,
Vicia johannis,,,
Vicia lutea,,,
Vicia lutea lutea,,,
Vicia narbonensis,,,
Vicia pannonica,,,
Vicia sativa nigra,,,
Vicia villosa,,,
Vicia villosa ambigua,,,
Vicia villosa varia,,,
Vicia villosa villosa,,,
Victorella pavida,,,
Vinca major,,,
Vinca major major,,,
Vincetoxicum rossicum,,,
Viola lutea calaminaria,,,
Viola lutea westfalica,,,
Viola suavis,,,
Viola tricolor curtisii,,,
Viola tricolor subsp. subalpina,,,
Viola wittrockiana,,,
Visnaga daucoides,,,
Vitis vulpina,,,
Vitula edmandsii,,,
Vitula edmandsii subsp. serratilineella,,,
Viviparus acerosus,,,
Viviparus ater,,,
Viviparus viviparus,,,
Volvariella volvacea,,,
Wasmannia auropunctata,,,
Watersipora subtorquata,,,
Weigela florida,,,
Weigela japonica,,,
Wisteria floribunda,,,
Wisteria sinensis,,,
Wolffia columbiana,,,
Xanthium albinum,,,
Xanthium chinense,,,
Xanthium orientale,,,
Xanthium orientale riparium,,,
Xanthium spinosum,,,
Xanthoceras sorbifolium,,,
Xanthocyparis nootkatensis,,,
Xenopus laevis,,,
Xenotoca eiseni,,,
Xerochrysum bracteatum,,,
Xerosecta oranensis,,,
Xiphinema coxi coxi,,,
Xiphinema index,,,
Xironogiton victoriensis,,,
Xyela curva,,,
Xyleborinus alni,,,
Xyleborinus attenuatus,,,
Xyleborus bodoanus,,,
Xyleborus germanus,,,
Xyleborus pfeilii,,,
Xylobiops basilaris,,,
Xylocoris flavipes,,,
Xyloperthella crinitarsis,,,
Xylosandrus germanus,,,
Yucca aloifolia,,,
Yucca filamentosa,,,
Yucca gloriosa,,,
Zantedeschia aethiopica,,,
Zea mays,,,
Zelkova serrata,,,
Zelotes puritanus,,,
Zimiris doriai,,,
Zinnia elegans,,,
Ziziphus jujuba,,,
Zonitoides arboreus,,,
Zonitoides excavatus,,,
Zonotrichia albicollis,,,
Zoothamnium minimum,,,
Zoropsis spinimana,,,
